name,id,name_all,kind,cst,n_stars,cst_tidal,n_stars_tidal,ra,dec,l,b,ang_radius_50,ang_radius_c,ang_radius_t,ang_radius_total,radius_50_pc,radius_c_pc,radius_t_pc,radius_total_pc,pmra,pmra_std,pmra_error,pmdec,pmdec_std,pmdec_error,parallax,parallax_std,parallax_error,distance_16,distance_50,distance_84,n_stars_used_for_distance,global_parallax_correction_only,x,y,z,radial_velocity,radial_velocity_std,radial_velocity_error,radial_velocity_n_stars,class_2.5,class_16,class_50,class_84,class_97.5,human_class,log_age_16,log_age_50,log_age_84,a_v_16,a_v_50,a_v_84,differential_a_v_16,differential_a_v_50,differential_a_v_84,distance_modulus_16,distance_modulus_50,distance_modulus_84,min_cluster_size,is_merged_cluster,is_gmm_membership_list,n_unique_strong_crossmatches,crossmatch_type,data_source,family,age_myr,rv_combined,x_helio,y_helio,z_helio,U,V,W,x_helio_err,y_helio_err,z_helio_err,U_err,V_err,W_err,n_rv_combined,mass_16,mass_50,mass_84,n_sne_16,n_sne_50,n_sne_84,n_stars_greater_8M_16,n_stars_greater_8M_50,n_stars_greater_8M_84,weight_score,name_both
ADS_16795,1.0,"ADS_16795,AR_Cas",o,6.8321986352118005,41,6.8321986352118,41.0,352.5921649178744,58.55341328644161,112.50889463014288,-2.6681322338226146,2.6531590645345275,3.255858786427165,8.489976723000481,8.489976723000469,9.56715258213804,11.744707859105842,30.81841427627285,30.818414276272808,18.656603901323304,1.3018567134644832,0.2033158603816854,2.8466125312260906,1.258036414920903,0.1964722795110527,4.759610517805493,0.1016132969312564,0.0158693308396582,206.28167669192135,206.45788462227864,206.6343938472585,32.0,False,-8200.94946740538,190.52326759748928,11.391596692001649,-13.357744355315807,1.6301901766691835,0.5763592642732378,8.0,0.1719862520694732,0.6797695159912109,0.8284220993518829,0.9978262782096864,0.9988502264022828,,7.388280868530273,7.755186080932617,8.016153335571289,3.398020851363981e-07,0.1742975264787674,0.2642706930637359,0.0075803520157933,0.4707696288824081,0.6938900351524353,6.491674423217773,6.649981737136841,6.814626693725586,40.0,False,False,1.0,1:1,hunt,alphaPer,56.90967178794703,-13.874467,-78.9519388754934,190.5231800394149,-9.61079279638875,-13.076860781916343,-19.651072713427165,-3.686108970289729,0.1348832152352344,0.3254939583064811,0.0164192881365607,0.3726682819252759,0.7342097749832535,0.2414422635969583,5.0,26.926590551858155,38.53892859362049,61.512607699212666,0.0,0.0,1.0,0.0,0.0,1.0,0.9586198089917092,ADS_16795
ASCC_18,10.0,"ASCC_18,MWSC_541,OCSN_58",o,5.0767240579514965,82,5.668875160539884,43.0,81.33025179100899,0.367627552830267,202.39396824810495,-18.88511527887693,0.2965612575650678,0.6575183987630968,0.6575183987630968,2.251449208813607,2.1290727296541534,4.720621494550807,4.720621494550807,16.171785493197493,0.1563482782693881,0.2599456295320781,0.0396413368678508,1.3732927358661025,0.2202227877492599,0.0335836602864227,2.415040964720971,0.0453587938422915,0.0069171512129608,410.7291287662722,411.3342157877765,411.9410882705869,73.0,False,-8482.154512286992,-148.27108466476696,-111.41597663507692,26.157580333725196,8.532350072463617,2.069398857853764,17.0,0.9679707884788512,0.9909403324127196,0.9949472546577454,0.9997392296791076,0.9999119639396667,,6.727238178253174,6.966529369354248,7.160568714141846,0.0622650682926178,0.2280988246202469,0.3284491896629333,0.2016522288322448,0.7617983222007751,1.095541000366211,7.85101842880249,8.019810199737549,8.192170143127441,80.0,False,False,2.0,1:m,hunt,cr135,9.258259923914624,27.439232,-359.8414197687183,-148.27161494963156,-133.13721454501797,-25.28743683930785,-8.12350249398646,-7.020158234237487,1.0602405829515646,0.4368690618506718,0.3922769036774411,1.0752900942367298,0.5002827734637058,0.4212102767630757,23.0,100.051157839458,112.41331875068953,155.23828988268178,0.0,0.0,1.0,0.0,1.0,2.0,0.230211201212058,ASCC_18
ASCC_19,11.0,ASCC_19,o,9.307117428281302,61,9.352427261279567,60.0,81.97812988952843,-1.8560223997899916,204.78898603970563,-19.379514994896677,0.32300054906363,0.7588946523039606,0.7588946523039606,0.8872380503508026,1.9848399813577304,4.663634738619817,4.663634738619817,5.452460303899424,1.167716739256896,0.1764964583998272,0.0227855948015706,-1.1824782090015808,0.1403072072337468,0.0181135825656391,2.80542176869604,0.0330928912478018,0.0042722738893529,351.661537896208,352.079120429244,352.497695862908,59.0,False,-8423.799162006248,-139.2545413540144,-95.25631690491568,11.650610880037242,17.160193958476896,3.3653909173581043,26.0,0.9960525631904602,0.999323844909668,0.9996457695961,1.0,1.0,,6.672360897064209,6.872124671936035,7.044824600219727,0.1131307184696197,0.2297295778989792,0.3508405983448028,0.0077850581146776,0.5164051949977875,0.7130323052406311,7.545971393585205,7.674972772598267,7.843988418579102,40.0,False,False,1.0,m:m,hunt,none,7.449457931205395,22.78304205596924,-301.5276299013089,-139.25499343968698,-116.82825963970376,-18.650815740566827,-11.863705547230364,-6.745320249679925,0.7161024760989676,0.330718765785889,0.2774571804040278,1.7425974730063023,0.8000398839219928,0.6966896197553673,23.0,58.50768962185728,71.56376438461429,106.21443201919544,0.0,0.0,1.0,0.0,1.0,2.0,0.2461930729624167,ASCC_19
ASCC_20,12.0,"ASCC_20,OCSN_57",o,8.643950050150158,194,8.643950050150158,194.0,82.19355425474684,1.7213040542203988,201.59021723151568,-17.47289942041401,0.6533212769413115,1.5053980237025928,1.631159807696593,1.6311598076965976,4.118886898567872,9.492607739052762,10.286037565947735,10.286037565947764,-0.5690951011947464,0.2493039705883189,0.017898981965968,0.7589900422083508,0.2514259206277093,0.0180513291002639,2.730248424372568,0.0945702960510864,0.0067897515612772,360.8836221986591,361.20759547671486,361.5321509535008,162.0,False,-8442.617930048136,-126.77889870710572,-86.83410935894597,27.885556580966405,10.880510638027271,1.4806499557828363,54.0,0.9358224868774414,0.9863412976264954,0.9928949177265168,0.9999125003814696,0.9999400973320008,,6.858487606048584,7.098372459411621,7.2810750007629395,3.949219899368472e-05,0.1079708039760589,0.1725302338600158,0.0425279252231121,0.4713912159204483,0.7347836494445801,7.602356433868408,7.762996435165405,7.917179107666016,80.0,False,False,2.0,1:m,hunt,cr135,12.542163542168938,30.107747,-320.3679046663749,-126.77935601801197,-108.45426491108904,-27.147193446059177,-9.018394670714136,-9.30020942008812,0.5752032928053268,0.2276254954978469,0.1947237828352541,0.553851819036262,0.2283286009333774,0.1890875303894409,52.0,130.18075104272071,160.7618720433989,209.04776941021723,0.0,1.0,2.0,0.0,1.0,3.0,0.2261251500465128,ASCC_20
ASCC_21,13.0,ASCC_21,o,11.056171145934425,116,11.056171145934426,116.0,82.21204037672199,3.6065854684302,199.8828505023024,-16.530111565759267,0.4618292519273421,0.429017047130268,1.7871695596530104,1.7871695596530155,2.7465290967444984,2.551385172445277,10.631633562678369,10.6316335626784,1.532353402972246,0.1819002760165263,0.0168890166346939,-0.5762836513017455,0.1715312316842139,0.0159262750377631,2.9024425863014334,0.0310180184512706,0.0028799507129453,340.4161645097483,340.73440964072586,341.0532503646642,107.0,False,-8429.400833884318,-111.09328447000692,-75.35909797992517,10.168294064787142,28.008623559427438,4.0426965879165815,48.0,0.9972845315933228,0.999540388584137,0.9997948706150056,1.0,1.0,,6.659257411956787,6.8387370109558105,7.0006632804870605,0.0304431617259979,0.1376868337392807,0.2078310251235962,0.2372855842113495,0.7044261693954468,1.0642989873886108,7.447766780853271,7.611668109893799,7.771580696105957,80.0,False,False,1.0,1:1,hunt,none,6.8982195244419575,19.70817967620849,-307.1802368420839,-111.093712609031,-96.94548481284274,-17.678162663520702,-8.82544319610996,-3.712032863863726,0.5743481675601174,0.2077167168057201,0.1812631636979347,0.8620127875821253,0.3006829553770681,0.2855091035516537,32.0,100.59045672958035,129.60193127026645,176.79304802855432,0.0,0.0,1.0,0.0,1.0,2.0,0.2069923299884951,ASCC_21
ASCC_58,25.0,"ASCC_58,MWSC_1782,Theia_453",o,19.4318496562958,236,20.283958381651576,221.0,153.70559195299398,-55.02031158536785,281.7049299565545,1.262731823751951,0.5149455127768168,0.5348679881091057,1.8347707922385903,3.687606450107848,4.237161465649198,4.4011002821230925,15.101926290639875,30.384133185483936,-13.301966998787284,0.234999666577491,0.0158077882304882,2.760100301573567,0.2652632148943185,0.0178435347907405,2.0962602741245395,0.0548615522668956,0.0036903873646347,471.106093181106,471.4380966758533,471.77056844752127,197.0,False,-8026.329367567531,-461.522708864777,30.943655156053488,11.682799894055634,13.465675544348,1.4780499113866288,83.0,0.9698271751403807,0.9934895038604736,0.9968664646148682,0.9999986886978148,0.9999986886978148,,7.481166839599609,7.7559709548950195,8.021576881408691,0.0002183718606829,0.127982422709465,0.1936219632625579,0.0981422439217567,0.5908881723880768,0.8435158133506775,8.137145042419434,8.344379901885986,8.481325149536133,80.0,False,False,2.0,m:m,hunt,m6,57.01261416388118,10.6041045,95.61815174828968,-461.522604660878,10.389102012730689,-25.647873111868,-16.51867525689616,-11.493885386654908,0.1347703915001545,0.6504997323106636,0.0146430705885052,0.2291806128037391,0.9528992898295212,0.0688184460060562,52.0,405.6013794014499,464.8507348121955,562.1963485812687,3.0,5.0,8.0,3.0,5.0,8.0,0.9732033059579932,ASCC_58
ASCC_100,50.0,"ASCC_100,MWSC_3038",o,8.78245616235559,87,8.847062722254362,85.0,285.40308766882663,33.600943456464044,64.40553461732193,12.676490955165413,1.5867020530338394,2.915231970915849,2.915231970915849,3.3629151100233896,9.98238937896324,18.351695509154467,18.351695509154467,21.175959533574957,1.7321640386087536,0.463627058988208,0.0502874150817145,-3.450965525907368,0.2858780875275654,0.0310078322038383,2.750564512936926,0.0914580879657075,0.0099200224468099,360.08699368210284,360.3717288011013,360.65691457923856,68.0,False,-7969.885815920929,317.08750232153034,99.49355668880308,-13.846434897429454,8.452674833136731,1.5432402257884013,30.0,0.5045886635780334,0.8927931785583496,0.94047412276268,0.9997152090072632,0.9997152090072632,,7.508714199066162,7.812189102172852,8.111193656921387,0.0196456015110015,0.2292637377977371,0.3196228444576263,0.1769638955593109,0.6581932604312897,0.9811166524887084,7.588991641998291,7.742328643798828,7.899593353271484,20.0,False,False,1.0,1:1,hunt,alphaPer,64.89169259443132,-16.195972,151.8853397918439,317.0877597660224,79.0821034240734,-2.8599049595173764,-15.004815580022932,-8.55741624625332,0.2402037179883791,0.5014681399060237,0.1250668122073932,0.2504696468179215,0.4702739375950741,0.1641453809023058,22.0,128.5147776846662,152.54752601928058,227.97680294628907,0.0,1.0,3.0,0.0,1.0,3.0,0.9719557436361544,ASCC_100
ASCC_127,64.0,"ASCC_127,MWSC_3704",o,23.63704139332936,247,23.63704139332936,247.0,347.3021314606539,65.18290876165365,112.4682635616462,4.409058752546129,0.9902276656969154,0.8106783612290998,4.249257730384335,4.249257730384338,6.467729353660035,5.294818804864373,27.8025016876764,27.80250168767641,7.409729202426048,0.2749506537147043,0.0174946911528895,-1.6453941379660952,0.3656741778182588,0.0232672907559453,2.655421615292834,0.0603790974137948,0.0038418299686627,373.95730880238136,374.19344177379753,374.42987314297005,190.0,False,-8264.481855610613,344.76569306833244,49.932098678122834,-16.9849295786443,18.15184725958433,2.493347976286969,53.0,0.945386528968811,0.9894115328788756,0.994124561548233,0.9999479055404664,0.9999479055404664,,6.847806453704834,7.085119485855103,7.283822059631348,0.0773390531539917,0.2940337657928467,0.4075218439102173,0.1314617097377777,0.6648052334785461,0.9999231100082396,7.6490583419799805,7.815397500991821,7.971618175506592,40.0,False,False,1.0,1:1,hunt,none,12.165206514936909,-13.656146,-142.5829074180966,344.7656026911727,28.766744336390587,-5.301960574209119,-16.625127624060344,-9.173233843409188,0.1800662173656348,0.4354002809912458,0.0363291710933992,0.5170715745626175,1.1932420081434694,0.1045365092266414,37.0,200.69577645536745,242.97222330448807,278.1580037236074,0.0,1.0,2.0,1.0,2.0,4.0,0.998442324520901,ASCC_127
Alessi_5,70.0,"Alessi_5,MWSC_1844",o,22.036120384004512,571,23.016648731625985,427.0,160.90215568427678,-61.111502915938544,288.10772508030294,-1.97401594836806,0.3641724900418907,0.2978765850436782,1.5640868001443358,2.271505631602837,2.490470675381558,2.0370830141820218,10.698852438299683,15.542106595896232,-15.39980212121692,0.2840726242857143,0.0137472378207978,2.543934460213462,0.2973033272789095,0.014387516415193,2.496614678489692,0.0807562035684116,0.0039080666035708,391.6344205925415,391.8240423056338,392.0138477299117,294.0,False,-8000.300220345815,-372.19758232590925,6.99111024268398,13.409860297716426,18.71458958824699,1.7527819077926627,114.0,0.9686630964279176,0.992740035057068,0.9959006309509276,0.9998085498809814,0.9999852180480956,,7.526814937591553,7.751014232635498,7.984170436859131,0.1807267665863037,0.4027307629585266,0.5432838797569275,0.1839345246553421,0.7276449501514435,1.0180597305297852,7.753346443176269,7.909089088439941,8.081724166870117,80.0,False,False,1.0,1:1,hunt,m6,56.36561275797823,10.157798,121.70843749933432,-372.1974889372981,-13.49687367383737,-23.584833064915703,-17.61088786777915,-9.714221099948476,0.1178577091963006,0.3604215477254229,0.0130698466367107,0.2039713855139328,0.4443258605648484,0.0783809393019496,68.0,648.7789769418729,742.6857365701809,895.9569913666256,5.0,8.0,10.0,5.0,8.0,10.0,0.9635992941364594,Alessi_5
Alessi_13,76.0,"Alessi_13,Chi_For_Group,Harrington_2,MWSC_278,Ramakers_26,Slotegraaf_3",o,18.77892089533221,167,18.950709697001425,163.0,51.99294196892279,-35.77331776124268,237.4267524139569,-55.75716165491604,5.16227658046213,5.143037719153444,18.95143073312193,21.97544586169223,9.417871364335053,9.382583077235166,35.7957383233151,42.06589987583986,35.49917421573545,3.814995467240071,0.2988135066372476,-4.183817584847128,3.099034031787405,0.2427350790265796,9.502329769592594,0.7082223041616381,0.0554722520649152,104.2220043510866,104.24535616656406,104.26871844872748,152.0,False,-8153.774570060254,-49.43203472419688,-65.29443450895178,18.01721705655344,12.029191635989472,1.353389796757228,79.0,0.6735289692878723,0.9436987638473512,0.9736039340496064,0.9996637105941772,0.9996637105941772,,7.058513641357422,7.393537998199463,7.587049961090088,0.0054075419902801,0.1558383256196975,0.2467569410800933,0.0637096539139747,0.5956363379955292,0.8624550700187683,4.980319976806641,5.087625741958618,5.234967231750488,80.0,False,False,1.0,1:1,hunt,alphaPer,24.747879811780912,17.449953,-31.58069385640812,-49.432190679181005,-86.17547552812636,-12.32299349725245,-21.528644510040422,-4.686470198612319,0.0141518401454732,0.0221513961571844,0.0386166801678768,0.2976322274630726,0.5128821142738649,0.9264754718500556,63.0,101.7696146883267,126.3441095842071,146.78737649601825,0.0,1.0,1.0,0.0,1.0,2.0,0.6689021519061541,Alessi_13
Alessi_19,78.0,"Alessi_19,LeDrew_5,MWSC_2887,OC_0068",o,19.52476933999591,164,19.767822806450265,160.0,274.53414340856955,11.897347233145965,39.931504903265335,12.715000406572132,0.667675792626575,0.5190533271423826,2.997526222073282,3.55217970041901,6.695689799590043,5.205157746802987,30.086350213010668,35.66661464554014,-1.009490886611602,0.2479512069744402,0.0196022640656764,-7.074475767849049,0.280119257839135,0.022145371781191,1.708906067631612,0.0613572197496809,0.0048507141326114,573.7043157853127,574.5564017869002,575.4110226500675,130.0,False,-7691.878117678282,359.74683358681744,146.16088634198445,-7.865982802826623,13.618678928380696,2.101407780707293,42.0,0.8322420716285706,0.965662956237793,0.9806471765041352,0.9994232654571532,0.9996128678321838,,7.290292263031006,7.562647104263306,7.762238025665283,0.1855380833148956,0.3420972824096679,0.512357771396637,0.3805813193321228,0.9477867782115936,1.302906513214111,8.613113403320312,8.764111042022705,8.936322212219238,80.0,False,False,2.0,1:m,hunt,none,36.529784001664005,-9.031184,429.7726420252741,359.74741911583936,126.46078222286062,6.342576954525837,-19.201074101132672,-7.842898871302244,1.2766299638245755,1.068621614646247,0.3756489083939698,1.221805307828183,0.9512476719126468,0.3743906414949945,23.0,275.56186859322776,326.7567040603591,381.73473813251314,1.0,3.0,4.0,1.0,3.0,5.0,0.6073996305828389,Alessi_19
Alessi_20,79.0,"Alessi_20,Theia_34",o,24.19854470812674,252,24.19854470812674,252.0,2.6434996348782605,58.75651281997826,117.64268503396066,-3.6949464814101542,0.3866883066455443,0.2821283261608844,1.838439978606077,1.838439978606084,2.863677870050009,2.089328519348728,13.619308776199674,13.619308776199723,8.116656625669163,0.2802835004893037,0.0176562009259368,-2.4272065522271515,0.268815763679878,0.0169338014093063,2.3431181123081606,0.0776058229766004,0.004888707330633,423.961256956158,424.3059897270363,424.6512835746269,216.0,False,-8318.492511620252,375.09382599091646,-6.040642214570376,-9.305288258527051,24.29574509528741,3.3692136429485187,52.0,0.6626992225646973,0.92428457736969,0.9547348022460938,0.9983714818954468,0.9989927411079408,,6.593387603759766,6.825615167617798,6.951789379119873,0.3644972443580627,0.6470093727111816,0.8122225999832153,1.0281877517700195,1.5075092315673828,2.091453313827514,7.873700141906738,8.067862510681152,8.215543746948242,80.0,False,False,2.0,1:m,hunt,none,6.692912813453869,-10.0637805,-196.4501516954731,375.0936030880589,-27.34409880546457,-9.804242111533274,-15.048507196275745,-6.87022548093045,0.319476597441735,0.6099950903703188,0.0444682764104698,0.8422728592392367,1.5028195654679466,0.1532991370525743,24.0,223.37066435978733,274.1806193979522,333.8366251133604,0.0,0.0,2.0,1.0,3.0,5.0,0.983771553873874,Alessi_20
Alessi_33,84.0,"ASCC_32,Alessi_33,MWSC_1069,Theia_87",o,17.498278694964426,194,17.896980601853894,188.0,105.70988129253946,-26.36541843723381,237.84087733108083,-9.372120833499228,0.3316650237313071,0.8008716625713734,0.8008716625713734,1.0368856397569264,4.507016271085146,10.883681222371695,10.883681222371695,14.091683321101412,-3.217721840741349,0.1075768327960763,0.007845846900585,3.488270866258065,0.0904707391578494,0.0065982567990339,1.2487235067700555,0.047147711866988,0.0034386002953116,777.6197263138898,778.5871518520739,779.5569875090999,170.0,False,-8531.185743940272,-650.3319953183295,-104.94370256583406,34.106939150170994,14.241725398836332,1.8541147201624413,59.0,0.996652364730835,0.9992667436599731,0.9996458292007446,0.9999997615814208,0.9999997615814208,TP,6.976280212402344,7.195734024047852,7.39883279800415,0.0214265584945678,0.1389497965574264,0.2011177539825439,0.2457042932510376,0.7339420318603516,1.077792763710022,9.285870552062988,9.44895315170288,9.616968154907228,40.0,False,False,3.0,1:m,hunt,cr135,15.694013579287796,33.2930085,-408.8885896745919,-650.3325619044685,-126.78972036335526,-31.55987515335213,-17.783183509986245,-10.679966157968884,1.0173864236732015,1.6181413129695557,0.3154750301583817,0.7573905499627394,1.1889502187959284,0.2446585010640823,28.0,448.362253433874,545.0343837212848,652.4381877696862,1.0,3.0,4.0,3.0,6.0,8.0,0.2915101134770059,Alessi_33
Alessi_34,85.0,"ASCC_44,Alessi_34,MWSC_1414",o,26.46343480941832,857,28.299082182968263,472.0,120.06233695170631,-50.655175018976834,264.8817887176079,-10.7051729699329,1.008424586775234,0.9953964802341468,3.727327909294961,6.453628396392919,8.545938011575378,8.435508392271055,31.62877144131322,54.918355449885645,-5.009656117821647,0.387861880239977,0.0178527901099621,5.743214841357374,0.3567661946901768,0.0164214951677974,2.0451009179762374,0.1197424072642298,0.0055115910406746,485.2556874032146,485.5054368250207,485.7554434592395,393.0,False,-8164.763061380027,-475.1534070265886,-69.27669486293348,12.330112236771804,17.95805643985166,1.6192234189458174,123.0,0.9364421367645264,0.9801275730133056,0.988156110048294,0.999485194683075,0.9999373555183412,,7.0753254890441895,7.314842224121094,7.510607719421387,0.3467627763748169,0.555046409368515,0.7395087480545044,0.6189045906066895,1.0905280113220217,1.5231763124465942,8.206171035766602,8.368618488311768,8.514829635620117,20.0,False,False,1.0,1:1,hunt,cr135,20.64629955203404,12.467033,-42.55856052175329,-475.1535790835925,-90.18522271981482,-18.24314069733736,-10.703166574593991,-5.848643567819615,0.0438077449668128,0.489100349198452,0.0928323511944739,0.1564468141403134,0.7471299445360658,0.1618926886998105,94.0,1246.3900961534066,1376.3043567511277,1456.074610808657,7.0,10.0,12.0,11.0,15.0,20.0,0.42625708037421,Alessi_34
Alessi_36,86.0,"Alessi_36,FoF_2385,UBC_7",o,18.347216169415336,198,18.347216169415336,198.0,106.5651263667762,-37.595939414133866,248.5440817357884,-13.451094394973284,0.5876344862223659,0.6320035752952764,2.0440630454012862,2.0440630454013085,2.82371328324326,3.0369332278020926,9.825998300387583,9.825998300387692,-9.66925079091659,0.2320140704550972,0.0164885220085359,7.046139478373788,0.2664322511598622,0.0189345156025068,3.5982377273895345,0.0661966664756366,0.004704392237653,275.17891230096217,275.3092010754024,275.4396132837616,150.0,False,-8220.078815543891,-249.20119526872676,-42.99060485057063,14.545953447841368,12.082308788066891,1.8214765841468892,44.0,0.9837387800216676,0.9968706369400024,0.9984844624996184,0.9999991655349731,0.9999991655349731,,7.1650919914245605,7.460958003997803,7.783838272094727,7.581525551358936e-06,0.1432487517595291,0.2371146976947784,0.0635784417390823,0.5781543850898743,0.8602953553199768,7.053791522979736,7.221785545349121,7.374758243560791,80.0,False,False,3.0,1:m,hunt,cr135,28.90400368960557,15.570191,-97.94162329981675,-249.20138044147865,-64.04113215921882,-17.440997669779552,-7.479479345517177,-11.046797145967796,0.0927447297493273,0.2359784727219391,0.0606430370953319,0.2260674610818331,0.5673514851399124,0.1419614430928658,32.0,172.66353511173537,204.16251647531325,239.2461391418909,1.0,2.0,3.0,1.0,3.0,4.0,0.662949369540273,Alessi_36 / UBC_7
BH_23,132.0,"BH_23,Theia_80",o,27.445904580452662,300,27.445904580452662,300.0,123.44775389063544,-36.3562227005106,253.9906774307608,-1.04650702029986,1.1414860956653612,1.003448701290012,4.615701078148419,4.615701078148419,8.517143822791285,7.486959289965755,34.50996218355106,34.50996218355106,-7.183005287871148,0.2362065025620692,0.013637388783855,7.316830376254332,0.2696749075217677,0.015569688045138,2.2956443644686444,0.0730046293193391,0.0042149242389609,427.1330038645993,427.4531512560506,427.7737789252194,237.0,False,-8239.862593127405,-410.80650966841904,13.29411637994351,21.610470852068197,10.212897001522776,1.474104708258774,48.0,0.9903533458709716,0.9974845051765442,0.998673677444458,0.9999802112579346,0.9999940991401672,,6.730814456939697,6.973596096038818,7.153571605682373,0.0012114346027374,0.1115240603685379,0.1698432564735412,0.0179414041340351,0.5169851183891296,0.7574732899665833,7.949607372283935,8.128100395202637,8.282034873962402,20.0,False,False,2.0,m:m,hunt,gamma_velorum,9.41014024522808,23.001686,-117.86924730055628,-410.8066307790364,-7.806994780626212,-26.457349146298395,-16.007464324659608,-4.203882872258765,0.1766922851366104,0.6158210390238992,0.0117031013553514,0.3001735811130023,0.9549462286033878,0.0596306338748715,24.0,174.18165805279287,201.5922814861683,239.1589370512997,0.0,0.0,1.0,1.0,2.0,4.0,0.3227716354464418,BH_23
BH_56,136.0,"BH_56,ESO_260-12,MWSC_1605,Magakian_425,vdBergh-Hagen_56",o,24.020468431072253,302,24.020468431072253,302.0,134.3693654984192,-43.22044909457251,264.5064995660752,1.5302047628702224,0.2378850495730957,0.2664366540451346,0.8054544017083275,0.805454401708333,3.653452994269725,4.09195624725374,12.370961326565896,12.37096132656598,-5.516753053145487,0.2043940524262725,0.0117615560571244,5.39024587570338,0.2090461102936663,0.0120292519060928,1.1034816222712476,0.1003924937421079,0.0057769388533858,878.583559382575,879.9469945418327,881.3146679883394,210.0,False,-8206.123544118314,-875.5930511294054,44.51222385904577,13.226300866125133,14.43954144628662,2.28309196693338,40.0,0.7829679846763611,0.9469503164291382,0.9687651097774506,0.9982236623764038,0.9984085559844972,,6.6733222007751465,6.878802061080933,7.022340774536133,0.4420449137687683,0.6667534112930298,0.8538358807563782,1.2876896858215332,1.752156674861908,2.193668365478516,9.530494689941406,9.687382221221924,9.859580993652344,80.0,False,False,1.0,m:1,hunt,none,7.564880309764256,17.64888,-84.2097796495949,-875.59309494824,23.498048717556458,-34.7696316621218,-15.363649292371791,-2.3517582742678025,0.2613635313458076,2.717595322893544,0.0729313509440885,0.2410184025160538,1.087066444739269,0.1319458371864106,26.0,453.3050413221996,512.1157320130251,581.4540854108568,0.0,1.0,2.0,3.0,5.0,8.0,1.0,BH_56
BH_99,150.0,"BH_99,vdBergh-Hagen_99",o,32.42183183872613,643,31.17299127416311,484.0,159.5537676530022,-59.10926371381256,286.55679764388526,-0.5401756672366425,0.3648332913559798,0.269891927498995,1.712739402086429,2.232414383375772,2.803120370694564,2.0736455485977783,13.163218570281389,17.160742552673028,-14.477346041009442,0.2483446100224806,0.0112883913646582,0.980133336936442,0.2682811553716712,0.0121945979714395,2.224242738987224,0.0690434500791597,0.0031383386399618,439.9974711724458,440.2142015884832,440.43114562039256,351.0,False,-7996.544425541278,-421.9432739436073,16.328119114051212,5.823298613911017,13.658571183507007,1.1669304884098697,137.0,0.9536664485931396,0.9892712235450744,0.994290292263031,0.9999667406082152,0.9999667406082152,,7.410183906555176,7.65122389793396,7.942173480987549,7.95115738583263e-07,0.1121162176132202,0.1771717369556427,0.0703523010015487,0.517912358045578,0.7987854480743408,8.008720397949219,8.169609546661377,8.366762161254883,20.0,False,False,1.0,m:1,hunt,m6,44.7944179612352,8.632294,125.44036806795748,-421.943163354812,-4.150209307413576,-23.67507899830724,-16.9661571660636,-13.121708811403066,0.1235768454898078,0.4156748414125104,0.0040885544440811,0.1949119455024765,0.615184727950822,0.0410377717755875,87.0,768.4952853877555,854.5423019358565,964.790103505752,7.0,9.0,11.0,7.0,9.0,11.0,0.9025829928250816,BH_99
BH_164,161.0,"Alessi_7,BH_164,MWSC_2255,vdBergh-Hagen_164",o,26.34011969367313,819,22.48490235495172,352.0,222.32385290066017,-66.39249342894696,314.3596687558989,-6.171668451200395,0.4612405623780738,0.3403526692675382,2.170501246391074,17.654095411978776,3.318584765104358,2.448783045935617,15.623700248110495,131.19527765791676,-7.436690462400396,0.3498559831865642,0.0186473865591679,-10.696061531624013,0.2971309675956724,0.0158371337857082,2.374879068094172,0.1038229760839191,0.0055337832188157,411.9234874504351,412.2291253550336,412.5352171492232,245.0,False,-7835.544214767108,-293.0214208550668,-24.25152566782908,-2.752937875998227,7.429624349273639,0.9512659207544694,61.0,0.9364044070243835,0.9876447916030884,0.9934020042419434,0.9998850226402284,0.9998850226402284,,7.036754131317139,7.268447160720825,7.51930046081543,0.0376145541667938,0.2030094861984253,0.2999522089958191,0.2022861987352371,0.6871344745159149,1.0200690031051636,7.85969352722168,8.054358959197998,8.206348419189453,40.0,False,False,1.0,m:1,hunt,m6,18.55441049871625,-0.973872335,286.54379573137487,-293.0212194065959,-44.31782819931056,-18.636538631759947,-13.692137982781771,-12.115172343592594,0.4252182562340181,0.4348304650520163,0.0657656871574801,0.5162926257455862,0.4619396890454983,0.1084582278796399,117.0,798.5275978714163,896.4307604212461,988.8365746020806,3.0,6.0,8.0,7.0,10.0,13.0,0.2495460427517226,BH_164
Briceno_1,290.0,"ASCC_16,Briceno_1",o,18.03376996666994,171,18.1253593847977,170.0,81.08336306946813,1.6956122748292637,201.043033789842,-18.453290125478965,0.3186404726437076,0.4110423504554391,0.9910637741388928,1.2737429351861835,1.902541886544779,2.45427279342495,5.917983231024135,7.606452434839554,1.3839792622846514,0.1786985909794836,0.013705556283762,-0.0161936034604713,0.1797527695157767,0.0137864080866951,2.887806260142829,0.0445083179296257,0.003413632156451,341.8114931769514,342.0987162456153,342.38642242542767,155.0,False,-8425.117170925723,-116.52058449668172,-86.70962121946405,11.585375282027693,21.896729953906885,2.850711426740323,59.0,0.989949107170105,0.9979783892631532,0.9989017844200134,0.999984622001648,0.999994158744812,,6.638452053070068,6.913410663604736,7.053053379058838,0.0472023487091064,0.1773562580347061,0.2620040774345398,0.0946892723441124,0.5937876999378204,0.8843415975570679,7.469862461090088,7.639223098754883,7.779975891113281,80.0,False,False,2.0,1:m,hunt,none,8.192390845554927,20.62309511444092,-302.8675310403105,-116.52102527998592,-108.28499880475304,-18.437821308119013,-8.396441107254812,-4.584976915054719,0.5089975312385491,0.1958246035854927,0.1819831821273823,0.5837090535322311,0.2341326281114537,0.2141094138571256,45.0,175.26290320517154,208.7964821225528,271.849804099067,0.0,0.0,2.0,1.0,3.0,4.0,0.2160314282873149,Briceno_1
CWNU_45,348.0,CWNU_45,o,18.04904854677959,225,18.45571952745285,221.0,108.0993784435756,-27.983832768210306,240.25711768795207,-8.174119933587248,0.977636454419306,1.7335309162954438,2.634333980474751,3.3242944245726664,10.243904925959544,18.168126325684828,27.6199579537773,34.86849386425354,-3.138880394545916,0.2825239203218657,0.01900461548537,6.275416937024091,0.2493309972588748,0.0167718178556014,1.6127697359242683,0.0902479840184325,0.0060707363562213,599.6884771666832,600.300401429174,600.9135757866693,170.0,False,-8416.979933559594,-515.9214211094951,-63.7977799073424,36.46084872351959,10.383258727371436,1.3633886649507256,58.0,0.6057881116867065,0.9425209760665894,0.9717074036598206,0.9995467066764832,0.999741554260254,,7.261670112609863,7.520049810409546,7.730073928833008,0.0072592198848724,0.128253623843193,0.1987779140472412,0.0788596272468566,0.5966742038726807,0.802947998046875,8.680538177490234,8.86095905303955,9.03440761566162,80.0,False,False,1.0,1:1,hunt,m6,33.11691019851208,36.442863,-294.788591987493,-515.9218206930536,-85.35181850917577,-35.85025440308346,-22.17832454776701,-5.401224061995633,0.6016072892365969,1.0528980307975644,0.1741867818511053,0.6737059225999263,1.122306406147068,0.2433574999666797,37.0,386.8817547163813,463.1493393521805,567.1481980151759,2.0,4.0,7.0,3.0,5.0,7.0,0.7047188747054107,CWNU_45
CWNU_52,351.0,CWNU_52,o,8.214429523939035,67,8.552520167248778,64.0,72.33883294781101,26.185389877962404,175.0899578141645,-11.793087441201966,0.735502956875161,1.8052713118407109,1.8052713118407109,2.017937820814183,7.752814501437302,19.03431896957625,19.03431896957625,21.278377795003987,-1.728009976284062,0.1932260908161373,0.0241532613520171,-2.2813842084879536,0.1601223322114426,0.0200152915264303,1.615992654428418,0.0539187022710706,0.0067398377838838,602.7158199402116,603.9121204989115,605.1131794569006,65.0,False,-8711.28268524189,50.59943892281783,-101.11830242007636,-7.845184870267975,8.75519034810801,1.572478606773844,31.0,0.4151532053947449,0.8433480262756348,0.9007879793643953,0.9955335855484008,0.9955335855484008,,7.561690330505371,7.7443296909332275,8.00230598449707,1.7831711769104004,1.9872704148292544,2.2250289916992188,2.121557235717773,2.4614871740341187,2.7934679985046387,8.692729949951172,8.822861671447754,8.976387977600098,40.0,False,False,1.0,1:1,hunt,none,55.50469121683887,-7.3385373,-588.9953842346188,50.59870974153657,-123.42632299593528,3.4400314910757714,-2.3741795483637453,-7.614833941046224,2.3381443123120107,0.2008625000452752,0.4899674306914079,2.837133583060299,0.2880987264415485,0.6458599295551207,14.0,221.73556251769136,268.6272144305101,340.4161235399917,2.0,3.0,5.0,2.0,3.0,5.0,1.0,CWNU_52
CWNU_88,366.0,CWNU_88,o,11.03373442982269,58,11.632366614671469,54.0,131.1728233329197,-59.95995213997928,276.2958311812526,-10.56908524383145,0.7367200423303297,0.8327380358393217,2.4797264175642724,4.248543668326583,6.847108521094517,7.739622419557912,23.0598160221748,39.55650133492909,-7.708201912592499,0.3087486818145393,0.0420153738445856,6.61704216020197,0.3152949350130904,0.0429062060703363,1.829155153173923,0.037553111400446,0.0051103311769437,531.5669527805022,532.4801508319804,533.3964919147619,46.0,False,-8064.821855460042,-520.2893094680686,-77.01538893400567,14.799278819015363,23.84844265956224,7.190576012370308,11.0,0.9588879942893982,0.9914273023605348,0.9957878589630128,0.9999904036521912,0.9999904036521912,,6.931637763977051,7.170353651046753,7.364618301391602,0.1314000785350799,0.2809737622737884,0.3993626534938812,0.1492574214935302,0.6482532918453217,0.9545205235481262,8.450281143188477,8.588554382324219,8.761157989501953,40.0,False,False,1.0,1:1,hunt,m6,14.803133338623814,18.96512,57.40216731810111,-520.2893995320928,-97.66802420325446,-23.9301115690667,-20.03168066100443,-8.434775901126049,0.1972270916309071,1.787653147440551,0.3355758372710653,0.1860192134828768,1.45891581988494,0.3334541523046902,8.0,85.02908459594647,106.53788895515102,151.72116286230977,0.0,1.0,1.0,0.0,1.0,3.0,0.2647620119827677,CWNU_88
CWNU_311,462.0,"CWNU_294,CWNU_311",o,9.77265233797034,82,10.005908464548057,78.0,333.43358294942885,42.47926754764844,94.38014674879298,-11.483532267028789,1.2126267113963238,2.984987236216249,2.984987236216249,3.4841241736263178,13.467863919065616,33.17740269694448,33.17740269694448,38.737905440375336,-1.1330549218465062,0.2055796103902361,0.0232773071533258,-4.475318616576194,0.1866700207821324,0.0211362177494902,1.5529551816365488,0.0522711567282061,0.005918543031152,635.351179734246,636.2523074157652,637.1559948924828,75.0,False,-8169.916948873446,621.6948996562855,-105.74589407100667,-6.715831524382509,12.89663819832403,2.2117552041074053,34.0,0.091311365365982,0.5193111300468445,0.7270742058753967,0.9949812293052672,0.9934942126274108,,7.495455741882324,7.690748691558838,8.01315975189209,0.424259752035141,0.6233596801757812,0.8234096169471741,0.5608503222465515,1.119812786579132,1.4914090633392334,8.849379539489746,8.99916696548462,9.174488067626951,80.0,False,False,2.0,1:m,hunt,none,49.06238900308514,-7.4408064,-47.62010799332222,621.6946693035177,-126.66910501846613,11.511807949208391,-4.551883602273176,-7.604599697822641,0.135080834664933,1.763520461735311,0.3593139359228701,0.2495725995659428,3.121909938716473,0.5701805445536776,17.0,201.9796473197751,249.3436027134115,335.3366738821401,1.0,3.0,4.0,1.0,3.0,4.0,1.0,CWNU_311
CWNU_313,464.0,CWNU_313,o,9.798864185177456,67,9.798864185177456,67.0,295.1379742965349,-1.9924842303369417,36.79662890043865,-11.82993995019836,1.855554164418244,3.712462076836944,3.712462076836944,3.712462076836932,18.46190287894839,36.976121209859706,36.976121209859706,36.97612120985959,0.55610600044698,0.1568885515943713,0.0191669871741498,-2.5288288155941427,0.2015603458688241,0.0246245154590589,1.7217187075123914,0.0469169500374227,0.0057318177169644,568.7653410916105,569.8671050093711,570.9731456987244,60.0,False,-7675.635265791317,334.08688885717345,-97.1693530474187,-15.902764377184864,12.592209563352382,2.6256571987863158,23.0,0.7360831499099731,0.9515941143035888,0.9754276871681212,0.9997831583023072,0.999908447265625,,7.358922481536865,7.597844362258911,7.797992706298828,0.4613010287284851,0.6598162949085236,0.8147134780883789,0.2361602485179901,0.6648735404014587,1.0481892824172974,8.57474136352539,8.709809303283691,8.876832008361816,20.0,False,False,1.0,1:1,hunt,none,39.61360458797424,-14.580773,446.6382717940978,334.0871327227671,-116.82704862155484,-8.649357322195597,-13.506401069765074,-1.480187626239874,1.7303859540448343,1.2943353008429312,0.4526165730832048,2.0860252411975497,1.5316693618226518,0.5086874333780973,7.0,169.1828538617682,209.7599234558705,297.0815829767716,1.0,2.0,4.0,1.0,2.0,4.0,0.9815271426729056,CWNU_313
CWNU_338,476.0,"CWNU_338,OC_0451,Theia_472",o,16.267944662666647,132,16.267944662666647,132.0,124.44272366777165,-39.32858690786283,256.8982645792319,-2.0486267577386297,0.6754523004802726,0.4617619375486804,3.4139528105169896,3.4139528105169874,7.125328999894935,4.870994640144827,36.054711201903785,36.05471120190376,-5.385490901546725,0.257874007528114,0.022445051381198,5.352312813424481,0.2008571354974834,0.0174823696646889,1.6104097960762531,0.0449921773544465,0.0039160663851025,603.5846091614344,604.3837089708542,605.1849274791992,110.0,False,-8258.943388375359,-588.2746615939473,-0.4556627722879298,24.2046447132845,22.078430130054628,3.731935832428389,35.0,0.9251142740249634,0.9831764698028564,0.9907958507537842,0.999589502811432,0.9998729228973388,,6.813234329223633,7.01497220993042,7.202332019805908,0.1363791227340698,0.3166289925575256,0.4089884161949157,0.3539713323116302,0.8845455944538116,1.2299216985702517,8.717572212219238,8.855750560760498,9.044654846191406,40.0,False,False,3.0,m:m,hunt,gamma_velorum,10.350759310864907,28.067228000000004,-136.91462221035522,-588.2748206885324,-21.605305789009947,-28.65611269510581,-25.091328820006463,-4.663358024545919,0.3625295894659928,1.5576643735661264,0.0572076416055722,0.7492022647188911,2.99659575687774,0.0851524868406826,11.0,227.4529376850501,270.32761709730335,370.2208659401616,0.0,1.0,2.0,1.0,2.0,5.0,0.2884009771242487,CWNU_338
CWNU_515,551.0,CWNU_515,o,12.98053428949734,69,12.98053428949734,69.0,131.90219361541716,-63.58268838423769,279.45500373329804,-12.482712000761998,1.4258198634804824,1.0535400651398177,6.700985984360346,6.700985984360315,5.057606555790543,3.736721447028864,23.87348984327824,23.87348984327813,-27.1014947161951,1.4576690061514217,0.1754827268222242,14.774458683864149,1.9091231638586328,0.2298314207269242,4.868744738071624,0.1099272150688548,0.0132336815634069,203.07631407429992,203.1951561553732,203.31413741279792,58.0,False,-8089.495640645604,-195.69667581463847,-23.20318065739324,8.117513514978373,13.172431921815011,2.945445320616656,20.0,0.9712478518486024,0.9941178560256958,0.9969227910041808,0.9999868869781494,0.9999868869781494,,7.077078342437744,7.328535318374634,7.582147598266602,0.0002102887665387,0.1186603009700775,0.1912963092327118,0.0133482813835144,0.5015328228473663,0.7184227108955383,6.471583843231201,6.605322599411011,6.77507209777832,40.0,False,False,1.0,1:1,hunt,m6,21.3076384180439,11.565309377929688,32.590427900514854,-195.6967100101868,-43.91962187287964,-25.912234870660946,-13.122019944121332,-13.557365254179546,0.0381444347052095,0.2290470195662806,0.0514043311711276,0.3217723760754294,1.711635927862161,0.3458861695192369,15.0,32.468062115687886,42.30085947623269,59.52993441433927,0.0,0.0,1.0,0.0,0.0,1.0,0.3959267814747979,CWNU_515
CWNU_519,553.0,CWNU_519,o,16.76560035181842,287,16.783141836809005,285.0,313.9317506187997,56.75453926903327,94.66660554950997,7.4424548900440595,1.6139547391076308,2.286383221921433,4.78031433353525,5.144131358314072,9.055524693155062,12.831783163059416,26.876528450859304,28.93267243043286,5.011948888583506,0.4261542519704095,0.0252431992906937,3.489551357011345,0.3256072300023415,0.0192873077282133,3.072004435954751,0.1126619216359858,0.0066735162847259,321.2323230653099,321.38826157901065,321.5443515633347,217.0,False,-8147.793534698467,317.6242402560806,62.49622977230013,-10.604851290994498,17.181308679441265,2.068386502504467,69.0,0.8741471767425537,0.9750642776489258,0.9859550297260284,0.9997696280479432,0.9997696280479432,,7.089168548583984,7.353912115097046,7.581993103027344,0.0060903429985046,0.1323053687810897,0.2054553031921386,0.1587598472833633,0.6704395413398743,1.0040115118026731,7.366394996643066,7.521643877029419,7.676775455474853,80.0,False,False,1.0,1:1,hunt,none,22.589785914829594,-7.439636999999999,-25.92710155135692,317.6242772863084,41.62953956356563,-8.290613665627898,-7.896115670551497,-3.6504706969873375,0.025172028733948,0.3083741319329647,0.0404171659527037,0.2466423739501236,2.468538238904104,0.3064562981607144,48.0,225.61807843857795,263.56666374036854,332.1856433056032,1.0,2.0,3.0,1.0,3.0,5.0,0.492095029096226,CWNU_519
CWNU_522,554.0,"CWNU_522,LISC-III_3611",o,16.61709431347365,173,16.953293389339258,171.0,75.67800299617745,8.081013793717485,192.31521477926512,-19.780621803231018,1.554620890314985,3.523109823481983,3.523109823481983,4.442345178464275,10.342597365540456,23.46240589714727,23.46240589714727,29.606174402191503,0.8831684739280051,0.4353621883793763,0.0332929786488494,-4.483883339508075,0.356890576675806,0.027292104519856,2.5747747352780945,0.1527751345467984,0.0116830065364091,380.6882425262711,381.084386074861,381.4813549348972,133.0,False,-8472.649267073244,-76.4849214510712,-107.26942879907097,17.201347879319755,9.807358155984634,1.347144247152824,53.0,0.5689888596534729,0.9181311130523682,0.9641268849372864,0.999488651752472,0.999488651752472,,7.267022609710693,7.553941011428833,7.782350063323975,0.0186492502689361,0.1752318143844604,0.2543912529945373,0.0781272798776626,0.5730220377445221,0.8369433879852295,7.706390857696533,7.857981443405151,8.02834415435791,20.0,False,False,2.0,1:m,hunt,none,35.80478015257619,17.923932999999998,-350.34688561426003,-76.48543677775717,-128.966456923333,-14.09914837250672,-10.863512525751151,-8.757331221895905,0.7291415561948611,0.1591814075943887,0.2684048494769797,1.157644209252228,0.240558852974308,0.4163949546510907,37.0,240.8533698580897,300.9935237811005,367.30009500371233,1.0,3.0,4.0,1.0,3.0,5.0,0.9966572735378706,CWNU_522
CWNU_1007,561.0,"CWNU_1007,LISC-III_3645",o,10.536337120407609,105,10.704038170192918,102.0,79.20776837482073,18.477745482385963,185.26037643388548,-11.193163400078808,1.8116731967869824,2.3796441889137308,5.579205938862149,6.372253246534509,11.336705276865928,14.894436116717966,35.011468203687805,40.02681759480113,-0.2674154217631839,0.5021812285405168,0.04972335095684,-5.6411393076376,0.2297074181932824,0.0227444235727594,2.7736383612347946,0.1263191758823675,0.0125074621630764,357.9840495905256,358.4139127256909,358.8448094514111,91.0,False,-8472.26580157919,-32.234608297632704,-47.87803524357843,23.58778269424245,17.719207200300744,2.953201200050124,36.0,0.9777053594589232,0.9957268238067628,0.9979497790336608,0.9999980926513672,0.9999980926513672,,7.0057220458984375,7.286064863204956,7.434300422668457,0.3623656034469604,0.5827760696411133,0.7799772024154663,0.1339950114488601,0.581565648317337,0.885685920715332,7.548908710479736,7.722733020782471,7.855505466461182,20.0,False,False,2.0,1:m,hunt,none,19.322568839239228,24.3747965,-350.1154756568467,-32.23503617123123,-69.57434141950975,-22.22764982145503,-10.718750296486162,-10.272086771391212,0.8408304963064097,0.0774150340297552,0.1670883811011378,1.7629035840097609,0.230298899733093,0.3241319575779241,26.0,155.02670050444075,183.7761197965283,250.04352648718063,0.0,1.0,3.0,0.0,2.0,3.0,0.3278039612802099,CWNU_1007
CWNU_1015,566.0,CWNU_1015,o,15.719548932186084,98,15.719548932186084,98.0,76.54365198612157,-3.33828938976458,203.41742849916625,-24.86182758266706,3.2583032002581955,3.019430619598909,12.63366897859093,12.63366897859096,9.794215129775672,9.07479823324386,38.56190849423152,38.56190849423162,12.77541488437186,1.591687389909194,0.1607847067048439,-15.57028138938186,1.7341901738964824,0.1751796616898972,5.76555743413726,0.2174860407256722,0.0219694077443623,171.93972976635135,172.04111791387786,172.14262570357926,76.0,False,-8265.398051148419,-62.03696504541681,-51.16472014931436,24.188223768925774,10.875379616279565,1.8651122170796255,34.0,0.7864360809326172,0.9629759788513184,0.9819022119045258,0.9999518990516664,0.9999518990516664,,7.268698692321777,7.533519744873047,7.801427841186523,0.0031761825084686,0.1605840325355529,0.2462195456027984,0.1308948099613189,0.6494159698486328,0.9589644074440002,6.027388095855713,6.185513019561768,6.335303783416748,20.0,False,False,1.0,1:1,hunt,alphaPer,34.16014809882644,25.01411838146973,-143.23996279507924,-62.03720453193989,-72.33149082787777,-17.039220420455973,-23.46236823720984,-9.038974458762365,0.1689294213628045,0.0731633048490607,0.0853038262048642,1.3172473584216986,0.3919963576593445,0.7129679257381696,25.0,54.45294683784334,75.63867771318948,96.03656296356692,0.0,1.0,2.0,0.0,1.0,2.0,0.7678305556234107,CWNU_1015
CWNU_1020,568.0,CWNU_1020,o,17.153065152142965,171,17.799915017995367,166.0,135.00604038752516,-54.50995119834634,273.337787951952,-5.528681272654365,1.2223421399576462,1.7423858776541892,3.609441065231867,5.401878359391744,9.336976215969749,13.31146400707671,27.603399539509244,41.37917607421732,-10.587718147862455,0.4393710068374709,0.0341018037937023,7.607543864372559,0.5528427979086511,0.0429089228229759,2.244316978722537,0.0858879233501112,0.0066661956860014,437.2231230653398,437.5928388128416,437.9631803525734,130.0,False,-8096.722557997508,-434.8182959814607,-21.424859373423185,15.312947207015236,12.17074480225458,1.924363719789004,40.0,0.712434709072113,0.9446067810058594,0.9717526435852052,0.9998037815093994,0.9998037815093994,,7.244554042816162,7.534437417984009,7.759450435638428,0.0070812702178955,0.158050075173378,0.2324690222740173,0.1787081807851791,0.6894736886024475,1.015570878982544,8.023696899414062,8.178503036499023,8.353240013122559,80.0,False,False,1.0,1:1,hunt,m6,34.23240550329968,16.786665,25.35920501462752,-434.8183343184863,-42.15945257951856,-25.52040517636972,-18.76634351084314,-8.116210741175344,0.0428875036447777,0.7353650434685619,0.0713000930085172,0.1721659572792641,0.894722268431503,0.1335676385906946,24.0,207.5660985415886,239.1382670455653,322.4187023779421,1.0,2.0,4.0,1.0,3.0,5.0,0.73527296914605,CWNU_1020
CWNU_1024,569.0,CWNU_1024,o,19.77555071160351,336,19.77555071160351,336.0,104.28551205903908,-27.39179105618876,238.2300799316248,-10.959805152219662,1.934123590045823,1.482077615571836,8.795457946683534,8.795457946683511,13.33581007499866,10.21734362384012,61.10249283224391,61.10249283224375,-5.545417694747035,0.624507878748512,0.0340696979340638,6.017581775944664,0.2569811408767157,0.0140194705981388,2.495499332740629,0.0873582896186597,0.0047657854138021,394.67448806800417,394.90515728082266,395.13609628256,279.0,False,-8326.294184260812,-329.61235140563304,-53.757255334736406,21.594106575161693,12.652374331761909,1.3643406118018873,86.0,0.9047151207923888,0.9753113985061646,0.9868618249893188,0.9997373819351196,0.9998903274536132,,7.213775157928467,7.511022090911865,7.7815752029418945,0.0001139716769102,0.1734342724084854,0.2566703855991363,0.1243464574217796,0.7320958077907562,1.0290015935897827,7.815023899078369,7.979735374450684,8.152704238891602,-1.0,True,False,1.0,1:1,hunt,cr135,32.43561156942052,21.8717405,-204.12901190725688,-329.61265156832974,-75.07948901566297,-23.44738007125816,-8.64071536735322,-8.741779056443256,0.2386082505844911,0.385287213347965,0.0877610946206033,0.375657223007096,0.543992483169995,0.1535909347581894,66.0,390.7728375239959,458.13581606846594,550.6660924854531,3.0,4.0,6.0,3.0,5.0,7.0,0.6918004957022857,CWNU_1024
CWNU_1034,574.0,CWNU_1034,o,10.5683602439068,86,11.568439043985403,74.0,113.6865024997768,-25.572064716299145,240.44253618854268,-2.6377127503393947,0.6211263704724501,0.8384756383139125,1.885234042097485,3.0667629886955146,4.945499183284806,6.676280978518975,15.01534083287344,24.4404043155546,-7.822072834443086,0.2065122523639095,0.0240065617089722,5.827580220288986,0.210788854652603,0.0245037066268792,2.1883043896799284,0.074127127027465,0.0086171034838059,455.51867110697657,456.1795217343958,456.8422926258276,67.0,False,-8346.819945257901,-396.3922878656846,0.3812335963206621,30.82473407726259,3.066236491407695,0.7227188719320095,18.0,0.8478304147720337,0.9700637459754944,0.984068751335144,0.9999381303787231,0.9999381303787231,,7.101509094238281,7.439170598983765,7.69976282119751,2.4573687529283456e-10,0.0625554621219635,0.133297860622406,0.0041877864859998,0.4088156968355179,0.647030234336853,8.125850677490234,8.287153244018555,8.459835052490234,80.0,False,False,1.0,1:1,hunt,m6,27.48973789284616,30.9052715,-224.79321178616613,-396.39252780673553,-20.99361530723553,-31.929206198786723,-16.732437503344617,-9.86193706838375,0.652245702044155,1.150147375581355,0.0609137404359643,0.3850158372464691,0.6858127877639483,0.1001158577807007,13.0,70.28774340751804,107.01058576029496,151.07134491194938,0.0,1.0,2.0,0.0,1.0,2.0,0.4992323889295666,CWNU_1034
CWNU_1044,576.0,CWNU_1044,o,27.874736672852805,377,27.874736672852794,377.0,129.93040715024077,-51.85904488710384,269.34500321368125,-6.227941784981481,2.3045255280898487,4.734795546222253,5.925656507730515,5.925656507730493,14.552409478263208,29.95094336299268,37.53253292945859,37.53253292945845,-11.640256744543322,1.3797178928446716,0.0710590867045012,9.761391122878598,0.513789486028654,0.0264615047937785,2.706203181636557,0.207328846222194,0.0106779788364357,361.4375539306168,361.61108108788426,361.7847749469103,328.0,False,-8126.1834926219535,-359.45336580354206,-18.41895731543961,20.7717541395116,18.76394338473935,2.0473140689627134,84.0,0.2255574464797973,0.6884761452674866,0.8204202055931091,0.9931042194366456,0.9962708950042723,,7.241320610046387,7.534675598144531,7.796350002288818,0.000314223463647,0.1491996347904205,0.2279312014579773,0.3588959872722626,0.9111804962158204,1.2819089889526367,7.619230270385742,7.775269031524658,7.947018623352051,80.0,False,False,1.0,1:1,hunt,m6,34.25118473350707,20.0815575,-4.109396862811877,-359.45342724807284,-39.22907674909881,-26.82991422260125,-17.775016367470077,-8.776725783623641,0.0039458662350284,0.3451492248075283,0.037667982563164,0.1141224100137854,0.9334675369438724,0.1425948046912665,53.0,402.23145711117087,450.590880273787,562.3832968949038,3.0,4.0,6.0,3.0,4.0,7.0,0.7338263958821096,CWNU_1044
CWNU_1055,579.0,CWNU_1055,o,12.21352705112908,65,12.39454949774082,64.0,328.831449960254,65.35246400389259,105.89113933401885,8.48659792624651,0.5608446101272673,0.5054753419082796,2.2229046612057206,2.60557659261307,4.399666747537861,3.9652867842516737,17.44625333938224,20.453457415259376,5.663609451782204,0.2378233572140703,0.0297279196517587,-0.3184549354049017,0.2602897409215151,0.0325362176151893,2.1747524413201957,0.0603828048912016,0.0075478506114002,448.7704713711942,449.4547689105471,450.14115650824016,54.0,False,-8243.52070838943,427.5450013322551,87.44161402631545,3.8042459858721607,36.113709968639455,8.75886121962482,17.0,0.1675420105457306,0.6516028046607971,0.8298587799072266,0.9981422424316406,0.9981422424316406,,6.959574222564697,7.217512369155884,7.426998138427734,0.2738641202449798,0.4612608700990677,0.6225281953811646,0.4292056858539581,0.8900499641895294,1.3562031984329224,8.068650245666504,8.217893123626709,8.375683784484863,40.0,False,False,1.0,1:1,hunt,none,16.501079974328732,-11.4667845,-121.71791199767782,427.5449855380517,66.32966558505989,-5.990946494392871,-13.648664133933208,-10.354437251909786,0.3711984929915957,1.303867702897037,0.2022830617262059,0.905600699306222,3.332106675606226,0.6728387358181712,9.0,71.5507464100609,93.26625513938107,135.16367113252804,0.0,0.0,1.0,0.0,1.0,2.0,0.949308743691058,CWNU_1055
CWNU_1057,580.0,CWNU_1057,o,10.959100444607303,54,11.484629002303434,51.0,80.88372161293731,-8.302080108092188,210.41473381610157,-23.29070735030705,2.632159078618329,2.4981509052639472,10.019660072822017,12.96327035326536,6.616393959232676,6.2791021276191,25.42819594794373,33.1297705160308,-0.9979196559082476,0.7983123050807922,0.1117860821639125,-2.669936029944314,1.3251353648178292,0.1855560659995597,7.004468291174777,0.3162554816957681,0.0442846252483268,143.83385220758956,143.92166798551958,144.0095910583851,45.0,False,-8236.120259306708,-66.9235364636562,-35.81425226282536,16.418286096559765,13.021492513549768,2.715168881611416,23.0,0.7926188707351685,0.9672703742980956,0.9848539531230928,0.9999628663063048,0.9999628663063048,,6.967788696289063,7.196926116943359,7.449448108673096,0.008329838514328,0.1894831210374832,0.2810209095478058,0.0006512403488159,0.4360886663198471,0.6617653369903564,5.605921745300293,5.761657238006592,5.88535737991333,40.0,False,False,1.0,1:1,hunt,none,15.73715118089668,17.373386,-114.001552050517,-66.9237260949751,-56.90612911956085,-13.2882195931858,-9.312830787398015,-7.951692754421349,0.1392042075852231,0.0817187493690738,0.0694865330194787,2.4542844919664413,1.4193391122961223,1.071594190105637,17.0,22.994115880368085,35.09358329297654,50.16817778813388,0.0,0.0,0.0,0.0,0.0,1.0,0.1905494017435691,CWNU_1057
CWNU_1062,581.0,CWNU_1062,o,10.744430361834088,62,11.012907670849708,60.0,173.70141697511855,16.844991914684176,239.1012374401872,69.51466929389875,1.2871766020926425,2.702132906583227,3.290058967321401,4.312970771166052,6.884056658134733,14.45979325842114,17.61224080770366,23.106338218630565,-9.19317682431575,0.890599423730263,0.1149758912083077,-1.5816987793929205,0.7632109289688946,0.098530107251334,3.202414164975787,0.1387816207119484,0.0179166301925683,305.8992569631104,306.3767893869604,306.8558150720784,51.0,False,-8176.299586092269,-92.00494010262842,307.9419333631856,8.144019930308998,11.49857756701718,2.968919961475449,15.0,0.7901791334152222,0.9649628400802612,0.982595831155777,0.99960196018219,0.999752402305603,,7.114970684051514,7.377392053604126,7.635380268096924,2.6028729394056427e-08,0.0599900037050247,0.1144466698169708,0.013507604598999,0.393967792391777,0.6245302557945251,7.241389274597168,7.415915489196777,7.586797714233398,40.0,False,False,1.0,1:1,hunt,none,23.84471047784525,12.364905,-55.06090031016349,-92.00456975944816,287.00207921803417,-13.099564283894155,-9.915721012673968,5.034754432613927,0.1719090756977905,0.2872532134095564,0.8960671162982408,0.3334880443784782,0.8471835440661372,2.440890133593243,9.0,42.17816036858871,56.45285558586735,90.32090756631362,0.0,0.0,1.0,0.0,1.0,1.0,0.993693154476166,CWNU_1062
CWNU_1069,584.0,CWNU_1069,o,15.052919051447564,140,15.052919051447564,140.0,119.31464455517036,-43.51074700514744,258.3767169403474,-7.533419943169244,1.3938084686043997,2.145504903694185,3.972193285530234,3.972193285530219,9.700610008527224,14.936293337071891,27.684533524575805,27.6845335245757,-9.303024481028494,0.6010730191144575,0.0507999419507098,8.946794507420448,0.487233033112848,0.0411787070979603,2.479323125162526,0.1305500594558287,0.0110334938204154,398.3874158020217,398.6877553974705,398.9885481795612,116.0,False,-8201.739925321393,-387.1412151834895,-31.26632158758365,20.98884512492979,29.603093927832763,4.567856562307057,42.0,0.8165163397789001,0.964739978313446,0.981598734855652,0.9994492530822754,0.9996201395988464,,6.935220718383789,7.212648630142212,7.417753219604492,0.0039059221744537,0.1381815671920776,0.2136726975440979,0.0975148230791091,0.6633182764053345,0.9471791982650756,7.833321571350098,7.974964141845703,8.145410537719727,80.0,False,False,1.0,1:1,hunt,m6,16.317312468584298,25.1482695,-79.63267330498212,-387.14136603501424,-52.269746036481536,-28.102092465289143,-18.64719444502744,-10.410911923611623,0.1200683431722495,0.5837229928882834,0.0788111405050813,0.2016393044664763,0.9935314729152536,0.1423560745238714,29.0,132.72298321159172,161.548453749168,232.09948900295024,0.0,1.0,2.0,0.0,2.0,3.0,0.3310389822251876,CWNU_1069
CWNU_1072,585.0,CWNU_1072,o,7.334291743382544,60,7.517319711498727,57.0,87.2025169819837,-5.455880108848871,210.66868067312868,-16.406720515091415,0.760725170678761,1.6485425522175796,1.6485425522175796,1.9876803641122325,5.845613601281159,12.670589682734107,12.670589682734107,15.279094586412816,-2.5087514711836354,0.1970753717178216,0.0261032706620875,0.2564452423456849,0.2219875304817134,0.0294029666987992,2.244928325716042,0.0577711606823733,0.0076519771629007,439.3223446652496,440.2500665660336,441.18171491974607,47.0,False,-8485.544245012763,-215.4151987451064,-102.62053833871728,30.28228904608816,15.97841714166487,4.612571718982172,12.0,0.2691291868686676,0.7950890064239502,0.8956409096717834,0.9993793964385986,0.999604344367981,,6.739127159118652,7.116869926452637,7.350045680999756,0.1563217937946319,0.4636081159114837,0.6776415109634399,0.2579194903373718,0.8014088571071625,1.1975854635238647,8.053383827209473,8.202718734741211,8.379314422607422,40.0,False,False,1.0,1:1,hunt,cr135,13.087898746425198,29.941394,-363.2535909830498,-215.41571929760943,-124.35038250367194,-24.659687486160696,-11.019318176939914,-12.51591007046774,1.5341801698775726,0.9097956166982896,0.5251865244815122,3.210910134574356,1.8441988725185456,1.068744185870358,9.0,73.10386017176964,88.55771521456208,133.72188806958297,0.0,0.0,1.0,0.0,1.0,2.0,0.3183010683537337,CWNU_1072
CWNU_1074,586.0,CWNU_1074,o,17.435237069224833,217,17.435237069224833,217.0,295.90327223247766,6.412616843100079,44.69921847998708,-8.550552173395408,1.2876397445387897,1.3179408536207728,4.635882763917275,4.635882763917264,16.337140898937268,16.721725285936476,58.93729215184545,58.93729215184532,0.3550200850959671,0.3049757698016229,0.0207031042626709,-2.0364509004161966,0.179073671118185,0.0121563128974822,1.3383711544121486,0.0488758136497449,0.0033179064244078,725.8106688022066,726.8272312126193,727.8466451890839,192.0,False,-7611.358145468112,505.5566688936085,-88.57264285768989,-8.561241099498085,26.226423458767435,3.3579494314594927,61.0,0.9946522116661072,0.9988426566123962,0.9993596076965332,0.9999935626983644,0.9999971389770508,,7.336206436157227,7.5611443519592285,7.770331859588623,0.4741321802139282,0.6345136761665344,0.7979363203048706,0.3022101819515228,0.7969487309455872,1.097537636756897,9.09666633605957,9.250836849212646,9.40079402923584,80.0,False,False,1.0,1:1,hunt,none,36.40360152829467,-10.579617,510.8930186689743,505.5569853981112,-108.06610024738931,-2.57054241059114,-9.756939951411033,-3.57388870286202,1.4311050516022306,1.416157843692929,0.3027129679202431,1.8889342434868688,1.6635573716649583,0.4405892599624535,13.0,592.1031487945651,660.9709925708885,760.53209176155,4.0,6.0,9.0,5.0,7.0,9.0,0.6482661225821942,CWNU_1074
CWNU_1083,589.0,CWNU_1083,o,6.677245581958317,100,7.055401082868946,60.0,126.13550171180364,-41.01827387170564,259.0247710260111,-1.9434339584370663,0.4339472242553879,0.7288172931009602,1.193091960067862,3.2867315800624235,2.5590285938098534,4.298055439828531,7.036660809201506,19.40308988168352,-7.137503934629006,0.1743987578896109,0.0225147828301907,10.10913859283023,0.2079464551208416,0.0268457719195295,2.930034543213717,0.0520035396630718,0.0067136281019638,337.5032371719293,337.8722718880932,338.2421145117357,88.0,False,-8186.291464335816,-331.5015801214596,9.505898442396166,30.680603946098188,50.00590659742623,16.66863553247541,9.0,0.9241371750831604,0.9824811816215516,0.9906988143920898,0.99990576505661,0.9999665021896362,,6.593494415283203,6.884831190109253,7.067501068115234,0.3159693479537964,0.5697644948959351,0.8571977615356445,0.5934874415397644,1.188825011253357,1.6985116004943848,7.463108539581299,7.646203994750977,7.771730899810791,40.0,False,False,1.0,1:1,hunt,gamma_velorum,7.670632745740519,16.903141,-64.28867175667678,-331.5016567540109,-11.458200728285902,-22.14197348381802,-12.817399291091736,-1.4555031777763432,0.1405899409910489,0.7249457344192365,0.0250574124528526,0.2272111201794701,1.456386898989726,0.1849820614513022,6.0,80.28648202790545,96.96384651074244,117.05774685893752,0.0,0.0,0.0,0.0,1.0,2.0,0.2859565372054906,CWNU_1083
CWNU_1092,594.0,CWNU_1092,o,7.981789650432474,27,7.981789650432474,27.0,90.83089229842942,8.55893055721135,199.7555617670189,-6.635070114654111,0.6541696234236798,1.562485039800792,1.562485039800792,1.5624850398007688,4.6967847058270245,11.220570869589926,11.220570869589926,11.22057086958976,-3.397309765648345,0.2376465998688091,0.045735109468752,-4.068591682490847,0.2254776445406298,0.0433931929239251,2.381815833260005,0.0554289936341969,0.0106673147985378,410.4034323579442,411.35240444852167,412.3057753092485,23.0,False,-8506.642424803249,-138.10874668827756,-25.74556936255874,30.29887387030014,17.221060232884682,4.971291880593365,12.0,0.2218700647354126,0.7768048048019409,0.8956004679203033,0.9996130466461182,0.9996130466461182,,7.071936130523682,7.275956630706787,7.518595695495605,0.0080225467681884,0.1301459819078445,0.198161244392395,0.0006011367077007,0.4119440764188766,0.588056206703186,7.815629482269287,7.999187231063843,8.164887428283691,10.0,False,False,1.0,1:1,hunt,none,18.878028208842657,28.267187,-384.54853615532494,-138.109174211867,-47.52977997942924,-23.887900608775503,-13.092158203402406,-12.974454251374056,1.778385611165163,0.6387005672778514,0.2198065234166506,3.757657068525431,1.3710316014335788,0.4240293434448059,9.0,23.069544333260303,38.99451116022479,74.61907107086698,0.0,0.0,1.0,0.0,0.0,1.0,0.6395444016241969,CWNU_1092
CWNU_1096,597.0,CWNU_1096,o,5.725777976455559,23,5.740696696942296,22.0,127.25571783200186,-38.824885006633046,257.73737967165687,0.0293819356954132,0.5356979625063749,1.216386978447497,1.216386978447497,1.4548738890275434,3.3768077593489583,7.6685049755863055,7.6685049755863055,9.172598648222502,-6.676082464392712,0.1076516153925896,0.0229514015185387,9.613146670513622,0.1817380762125044,0.0387466880375964,2.728022957888918,0.038851461591979,0.0082831594428724,360.5078520040224,361.15723530752047,361.8089623028392,19.0,False,-8198.680199441304,-352.9170797232416,21.18102068351819,-5.121987525679073,31.681193272608475,11.974365519584936,7.0,0.9059524536132812,0.9836238026618958,0.9916467666625975,0.9999927878379822,0.9999927878379822,,6.461912631988525,6.665042400360107,6.769104957580566,0.3038289248943329,0.527094841003418,0.6918870806694031,0.0886953920125961,0.703437864780426,1.0454285144805908,7.585942268371582,7.724183082580566,7.913951873779297,20.0,False,False,1.0,1:1,hunt,gamma_velorum,4.624261660642068,12.4013083,-76.70722900310115,-352.91715080529843,0.1852055821355946,-23.684499136647787,-14.396561655356708,0.4257525969335472,0.2763465767608295,1.2714244507682224,0.0006672243188035,0.4183236847671182,2.446219172152181,0.1441095546402382,5.0,12.987609454253468,18.032597075620146,39.132103806698346,0.0,0.0,0.0,0.0,0.0,1.0,0.2584251615630591,CWNU_1096
CWNU_1111,600.0,CWNU_1111,o,9.7742543093628,40,9.7742543093628,40.0,85.10348209396057,13.707201411681272,192.42883332417867,-8.953578995379415,1.1213286691051585,1.8883998214403437,3.0797501388084254,3.0797501388084263,5.219605511841746,8.792260529207404,14.347734462432014,14.347734462432015,-1.9759344655110247,0.2435756686902954,0.0385126947829947,-6.105031020919575,0.3735178052228259,0.0590583505565633,3.7070549004636426,0.0942669581509763,0.014904914792643,266.27249700705744,266.6686331402541,267.06594970058995,34.0,False,-8379.324546657677,-56.69457296289982,-20.04427958103085,21.523029261440644,16.67238369786332,4.304790960226978,15.0,0.9028514623641968,0.9774092435836792,0.9880735278129578,0.9997388124465942,0.99990713596344,,7.073822498321533,7.333410978317261,7.577787399291992,0.0491393506526947,0.2339451909065246,0.3192135393619537,0.0326062217354774,0.5609733462333679,0.7966271042823792,7.004400253295898,7.131039619445801,7.301995277404785,40.0,False,False,1.0,1:1,hunt,none,21.54819903310765,21.866396,-257.2457433118896,-56.69487321572492,-41.50275653324341,-19.14790257440708,-9.552731321571294,-9.403771185817607,0.7654155853539351,0.1686913805075747,0.1234883667139143,3.221953653786961,0.6536194610742743,0.4889028317314877,9.0,29.414932354386,40.85992101380916,74.14546992809937,0.0,0.0,1.0,0.0,0.0,1.0,0.3308929783284939,CWNU_1111
CWNU_1121,601.0,CWNU_1121,o,11.574794165328022,86,12.577598896566377,74.0,100.04943665922788,-50.54326832379317,259.60632924057614,-22.320976706422805,1.1721448874149485,1.1224307638594593,4.43179360863385,7.272579254106864,9.67071346422266,9.2604426858376,36.63224039593685,60.317905295333766,-6.413180055172744,0.3435264646652931,0.0399341403633523,10.425601281650778,0.4026339933292154,0.0468052510025159,2.0805722673542486,0.0594540761505421,0.0069113959661957,472.0528812023464,472.6495594323066,473.24774798245295,59.0,False,-8201.314618399234,-430.0595375423673,-158.5080195850882,16.839173262527847,13.22870303508702,2.886739666875159,21.0,0.3209272623062134,0.8106212615966797,0.9075792133808136,0.9970709085464478,0.9988678693771362,,7.431632041931152,7.740402936935425,8.041000366210938,1.4337833698085944e-10,0.0575277060270309,0.1062417924404144,0.2418597191572189,0.7686738967895508,1.1048319339752195,8.140702247619629,8.328394889831543,8.519763946533203,80.0,False,False,1.0,1:1,hunt,none,55.00509725988113,19.2996485,-78.88165091271668,-430.0598745912713,-179.50987562632255,-29.190536266424125,-9.610802454003093,-14.67815260245563,0.1994142644473697,1.0871992734386708,0.4538042674673761,0.1724609174996656,0.5220595755116378,0.2037868840060235,17.0,95.01202343696237,123.78093147690322,191.1664562114504,0.0,1.0,2.0,0.0,1.0,2.0,0.9992348335380796,CWNU_1121
CWNU_1129,603.0,CWNU_1129,o,7.53181620695408,34,7.53181620695408,34.0,68.77139653318542,22.800223747132755,175.68525681360236,-16.447109878194635,1.898051693681872,1.6462829980258054,7.759709016881635,7.759709016881614,5.276452412826511,4.576138011843498,21.69637658139435,21.69637658139429,10.844686761838972,0.8872927728718352,0.1521694551546931,-17.45032545002776,0.6231632910860028,0.1068716227339988,6.250730491109515,0.1617297634025729,0.0277364255989739,159.04682886026188,159.2200346229902,159.393618047355,30.0,False,-8274.360434189024,11.489016222726391,-23.890081870671672,14.883361772553014,4.644928121216906,1.7556178095014878,7.0,0.1945187449455261,0.5484104752540588,0.7104792892932892,0.9675443172454834,0.9728228449821472,,6.550716400146484,7.177023887634277,7.563709259033203,1.4798388481140137,2.193268060684204,2.7289600372314453,1.1799044609069824,1.82823646068573,2.565481185913086,5.8410234451293945,5.991538286209106,6.126199245452881,20.0,False,False,1.0,1:1,hunt,alphaPer,15.032246461482671,16.997,-152.2721946987598,11.488808362682477,-45.07998923441225,-17.402060384760254,-13.252647326992165,-7.05255147270258,0.3316564447527241,0.0250231983820299,0.0981864679139477,0.5935817592098908,0.2721223710048348,0.2045989481320291,6.0,42.67423581617367,60.56312696931868,92.37243222347392,0.0,0.0,1.0,0.0,1.0,2.0,0.4034715086429811,CWNU_1129
CWNU_1143,609.0,CWNU_1143,o,8.072763865768751,73,9.712140435124988,53.0,239.0709590976037,-25.70113194972001,347.0726131034993,20.927833451668302,1.63593571908108,3.485865661959066,3.485865661959066,9.066473721687204,3.0948185467472933,6.6008196868014695,6.6008196868014695,17.291614282412734,-21.49181461968368,1.25390753881031,0.1722374466704968,-33.3587302955622,0.8135417529125067,0.1117485539758669,9.24388904735216,0.2137284200429556,0.0293578563089626,108.3196295918388,108.3611355135882,108.4026732560135,70.0,False,-8023.227274358333,-22.64304343581584,59.25305755203697,-1.914486259669708,7.782715364754593,1.5263160582162332,26.0,0.928925395011902,0.983745276927948,0.9917099177837372,0.9998959898948668,0.9999617338180542,,7.007558822631836,7.266862154006958,7.523146629333496,0.1325211822986602,0.3633490204811096,0.4928329586982727,0.0082975747063755,0.542486846446991,0.8079025745391846,5.020425796508789,5.157495021820068,5.249974250793457,40.0,False,False,1.0,1:1,hunt,alphaPer,18.486817503234697,-4.193703,98.64736822859076,-22.64289482077745,38.70570688544833,-5.601229584736074,-18.912715652732825,-5.6345112359233,0.0755994192942637,0.0173526139655919,0.0296625142308073,0.916550592797994,0.1824181791294152,0.3609082955054661,33.0,44.78245733435042,52.421619786356246,67.75868693877518,0.0,0.0,1.0,0.0,0.0,1.0,0.5375535439274609,CWNU_1143
CWNU_1144,610.0,CWNU_1144,o,10.792710754926023,77,10.87691884673095,75.0,106.42124950286149,-52.66362720130409,263.0647463216913,-19.20896643984085,3.720298391308995,5.060353975937504,11.24717904596585,13.798233375077563,12.575531484097214,17.12575831493372,38.46008913291709,47.49768822707095,-13.04533893200631,0.6200039362905754,0.0715918879031982,11.932800637804505,0.7693197876778276,0.0888333973017398,5.1493863253947065,0.185759246253754,0.0214496301658133,193.2782132555284,193.40168947754216,193.52532356653495,61.0,False,-8144.188960437823,-181.29762541844215,-42.7755603955634,-8.579575430906262,50.14973573713606,13.403080654686876,14.0,0.8930129408836365,0.9819204211235046,0.9911060631275176,0.999879777431488,0.9999735355377196,,7.053262710571289,7.372855424880981,7.7026047706604,7.430591515353302e-13,0.1406266540288925,0.2677739858627319,6.8739536800421774e-06,0.4072135686874389,0.6561651229858398,6.288583755493164,6.490251064300537,6.61553955078125,20.0,False,False,1.0,1:1,hunt,cr135,23.59692568985372,8.149118,-22.05263034939512,-181.29773939762907,-63.63194698223484,-15.006490424483472,-4.513711326609967,-10.658310742427862,0.0281767566709163,0.2316450331346971,0.081302858580031,0.3619881942322001,0.7711373297366703,0.3195212689111446,8.0,35.972813287213896,47.76327894251834,65.66713745715099,0.0,0.0,1.0,0.0,0.0,1.0,0.5891344501214676,CWNU_1144
CWNU_1150,612.0,CWNU_1150,o,10.383535129058975,43,10.383535129058975,43.0,133.07294125676256,-47.40862304352096,267.1189000602911,-1.8680054805121944,0.7605071814931423,0.9865012078726528,2.3580940263629224,2.358094026362923,6.3979642414737095,8.299530450926843,19.84812146891231,19.84812146891232,-12.527683256813535,0.2563369764363344,0.0390910224299235,10.842476964109178,0.2144551732297928,0.0327041073179744,2.042871635741359,0.0375768404423723,0.0057304144450781,481.28046296887806,481.9873225866545,482.6962615967061,34.0,False,-8146.22744082236,-481.1222243905718,5.149945937350672,14.214582912897413,6.427692852116496,1.558944503429644,17.0,0.8108896613121033,0.9821628332138062,0.9935910403728484,0.999992847442627,0.999992847442627,,7.544857501983643,7.816906452178955,8.07481861114502,0.0020352602005004,0.1460148990154266,0.2202048897743225,0.0027501224540174,0.3269652426242828,0.5179223418235779,8.20105266571045,8.351798057556152,8.547807693481445,40.0,False,False,1.0,1:1,hunt,none,65.60039466403298,15.291869,-24.21349117479093,-481.1222699924062,-15.711374756338016,-38.67115354205333,-12.03906200861142,-6.771444967355311,0.0711251644466983,1.4132576060655424,0.046150887749377,0.2985158799655327,2.039244106565968,0.1042116503501707,7.0,89.72689071329569,116.77899003200994,171.08387383349228,0.0,1.0,2.0,0.0,1.0,2.0,1.0,CWNU_1150
CWNU_1178,617.0,CWNU_1178,o,8.883301076649229,38,9.50126623513298,36.0,67.64391708967953,-43.185138011240674,247.94668625210204,-43.335188862795576,2.788259344464663,2.856658098802449,10.031680372662134,11.359261395973196,6.6962202234912445,6.860754390388742,24.321873039709203,27.621450152313496,0.4455445485804071,1.3775607919691026,0.2295934653281837,19.61346611656402,1.72198679619612,0.28699779936602,7.218855206364446,0.2789689279863394,0.0464948213310565,137.42279713288883,137.49160144570857,137.56047469039356,33.0,False,-8159.7635209634755,-92.68768111085151,-73.45942093753072,9.301991788884289,7.144032329755619,1.7860080824389049,16.0,0.9436161518096924,0.990525722503662,0.9955075681209564,0.9999986886978148,0.9999986886978148,,7.32646894454956,7.56618595123291,7.859452724456787,3.5313391322233656e-08,0.0562173873186111,0.1111238300800323,0.000571846961975,0.4309593290090561,0.6526053547859192,5.49128532409668,5.636119842529297,5.769866943359375,20.0,False,False,1.0,1:1,hunt,cr135,36.828662863562016,11.435929,-37.54868650657815,-92.68785463284208,-94.35570048119732,-15.644110896746051,-2.849643688621128,-8.470755705833753,0.0375994707413553,0.0928132140583244,0.0944833156520417,0.2751075919634096,0.5107717682099792,0.4603623999054061,12.0,15.078360584160462,23.06093344366782,33.127449223994404,0.0,0.0,1.0,0.0,0.0,1.0,0.6674852660919796,CWNU_1178
CWNU_1183,619.0,"CWNU_1183,Theia_540,Theia_833",o,9.969563793844827,94,9.969563793844827,94.0,295.6106811375501,38.2721421671092,72.39011457758927,7.366596616424308,2.228516694195384,4.16273849082238,5.898922590859166,5.898922590859139,18.35558535527376,34.3302909026872,48.7353688508672,48.73536885086699,1.4913754492450526,0.2714981975822531,0.0280029009307303,-0.5918519653158997,0.4288691696499845,0.044234477344236,2.0701160931157085,0.067879968122031,0.0070012841316432,471.0849778133414,471.6891636729451,472.29490130919567,74.0,False,-7980.2942977135135,445.8740355595545,80.91699522712565,-7.079083834027609,11.598767698916449,2.274705493477102,26.0,0.1507923305034637,0.6438336372375488,0.8162967562675476,0.9946069717407228,0.9985601902008056,,7.417931079864502,7.6615893840789795,7.93901777267456,3.4249187592649832e-06,0.1082787215709686,0.1757466793060302,0.0935847386717796,0.58653125166893,0.8577284812927246,8.150137901306152,8.323849201202393,8.49862003326416,80.0,False,False,3.0,m:m,hunt,none,45.87640563532731,-7.525962400000001,141.52431926876147,445.87425604095966,60.47877298620327,-2.748436494823697,-7.645592448858047,-4.610992702552705,0.3630221177537009,1.1437060253402933,0.155133282831045,0.4698835512352129,1.533043477064118,0.1997805629264569,17.0,119.96405888202156,153.95302896539886,209.91015891391316,1.0,2.0,3.0,1.0,2.0,3.0,0.6641002046998792,CWNU_1183
CWNU_1205,621.0,CWNU_1205,o,8.028520563726902,60,8.202491624327228,56.0,322.2046020039266,70.5441867689764,107.53669869120672,14.005105999344996,2.2013011725975806,4.638852859538639,4.638852859538639,6.13872741053896,8.820792617212993,18.61981572823196,18.61981572823196,24.680785916327903,10.408981666518809,1.0776845420448298,0.1440116545483617,6.097660685373644,0.9208121337540076,0.1230486972175627,4.275560473439605,0.1659060118480152,0.0221701233836189,229.2884391956332,229.47586689376783,229.663601261365,49.0,False,-8188.920304899701,212.3064280057611,76.50692508490872,-17.19611915759757,11.347712259436808,3.0328036713219246,14.0,0.0943592488765716,0.5173218250274658,0.716427206993103,0.9908331036567688,0.9908331036567688,,6.971334457397461,7.306038379669189,7.536069393157959,0.1215909421443939,0.3891037404537201,0.5570106506347656,0.311923623085022,0.8078083097934723,1.2725841999053955,6.697536945343018,6.853766441345215,7.016384124755859,40.0,False,False,1.0,1:1,hunt,none,20.231979657476888,-11.5189375,-67.08949964640345,212.3064471713706,55.53507912402309,-9.021445813832184,-13.554993357116825,-6.210868070217073,0.1096822756003064,0.3470923821626002,0.0907923577619271,0.4288833093903167,1.8346354186782023,0.38321323536274,11.0,42.62276395785951,59.59003854560672,81.85157178177238,0.0,0.0,1.0,0.0,1.0,2.0,0.4807693863201852,CWNU_1205
Chamaleon_I,1310.0,"Chamaleon_I,OC_0579,Theia_2",o,22.223751249087304,192,20.62018900987633,168.0,167.11699923561457,-77.499458546685,297.32616283381725,-15.762805857672149,0.5759907828111713,0.4597663901863414,2.526517554249213,3.530424997029095,1.896709701476838,1.5139699090726075,8.324815915036528,11.639861423258374,-22.5554123741084,0.7213107078845589,0.0556503292950576,0.4375577321670814,1.013555672401735,0.0781975178123341,5.261005375559896,0.1175876722168628,0.0090720858686531,188.5966700093444,188.66586614387572,188.7351130731792,137.0,False,-8038.753845117113,-161.3090784371183,-30.665537840907355,15.555987159446024,19.502222303603364,2.9072196522113107,45.0,0.1179689168930053,0.2521922588348388,0.5360479652881622,0.7757784128189087,0.9225507974624634,,6.549947738647461,6.753375291824341,6.959560871124268,1.811498999595642,2.1583175659179688,2.518019914627075,1.739281177520752,2.268759727478028,2.7881734371185303,6.272889137268066,6.4099884033203125,6.551540374755859,40.0,False,False,3.0,1:m,hunt,alphaPer,5.667288113054664,13.922841,83.3511252431358,-161.3090761849975,-51.25213077389636,-11.383296779706376,-19.282991274913204,-10.94023990310506,0.0611630783489971,0.1183686439304381,0.0376088274865296,0.8911513992419247,1.7584241760095494,0.5320689515752081,29.0,184.03735782184916,205.8292470107409,243.19516487115277,0.0,0.0,1.0,1.0,2.0,4.0,0.3712491875212356,Chamaleon_I
Collinder_69,1312.0,"Collinder_69,FSR_0934,FSR_934,MWSC_585",o,99.0,1247,31.77344101683241,753.0,83.81417628029513,9.888055049372127,195.1076858616151,-11.993439260709566,0.9642355266271424,1.1301168050510122,3.172163597268507,4.183017434562388,6.627500727277467,7.767930136750876,21.823544455598302,28.799695575873844,1.2149006593528853,0.534276592354084,0.0194701213917279,-2.0466490271232582,0.461141942310424,0.0168049465840172,2.503903475974677,0.0703623884979141,0.0025641479807866,393.5618973788305,393.7751313186849,393.98859644637497,688.0,False,-8494.048548904077,-100.39043352697004,-60.0744289576245,20.874112712952748,27.89951032219812,2.0134737243474787,192.0,0.505062997341156,0.797083854675293,0.8730987310409546,0.9906980395317078,0.9970651268959044,,6.532010078430176,6.719298839569092,6.846721649169922,0.1957471370697021,0.4162017405033111,0.5515636205673218,1.1569985151290894,1.7534026503562927,2.200090169906616,7.774843692779541,7.918031692504883,8.08191204071045,40.0,False,False,2.0,1:m,hunt,none,5.239608518854334,26.924442,-371.86687138837925,-100.39089963024956,-81.82634832555541,-24.46735549365077,-11.24551177966282,-5.292544095248405,0.4029590358860559,0.108784684087908,0.0886679319086738,0.536563486225722,0.2242071731594668,0.1176386300890373,201.0,1122.2691814652528,1210.3063947417113,1322.9664154592144,1.0,2.0,3.0,9.0,12.0,16.0,0.2710949725252164,Collinder_69
Collinder_132,1322.0,"Collinder_132,Theia_1765",o,10.087538302899596,106,10.37551932439017,100.0,108.34615884268972,-30.970531967608757,243.06253406817297,-9.304669202134402,0.9537106248504268,2.2721838065125306,2.2721838065125306,2.8167618343416403,10.61182859702371,25.293254075404157,25.293254075404157,31.36416265543222,-4.125491260579031,0.1557959515811878,0.0155795951581187,3.72733850045813,0.1519462365468629,0.0151946236546862,1.5251451686461543,0.055728028049778,0.0055728028049778,636.4820794340063,637.4646782698019,638.4503156618874,90.0,False,-8407.21993518153,-560.8229022699122,-81.53905985063295,18.56455916679459,17.155220373632332,3.1856444487835063,29.0,0.9945193529129028,0.9987416863441468,0.9992898106575012,0.9999970197677612,0.9999970197677612,,6.914353847503662,7.142079830169678,7.340444564819336,0.0110512375831604,0.1228477507829666,0.1843762993812561,0.0638360381126403,0.5179230570793152,0.7762110233306885,8.822243690490723,8.999504089355469,9.177330017089844,20.0,False,False,2.0,1:m,hunt,cr135,13.870107598761145,21.606115,-284.9831747522824,-560.8233187547759,-103.0679935315072,-25.66434200175725,-15.973231045239109,-10.406974516598158,0.8799141787845883,1.7315983317062091,0.3182327832724638,0.6468971732711433,1.0593884237163536,0.1691599792966769,13.0,222.48494954498068,265.9326723694815,359.826338405636,0.0,1.0,3.0,0.0,3.0,4.0,0.345530139340528,Collinder_132
Collinder_135,1323.0,Collinder_135,o,16.10956643200779,209,16.186753448872164,206.0,109.40553906811994,-36.92087657232229,248.8906219816691,-11.116272885641772,0.671859307374572,1.6503158058267644,1.6503158058267644,2.73052775502912,3.46953786550354,8.524336247052693,8.524336247052693,14.11071243796752,-10.077868134340076,0.2796519557897217,0.0194842750109919,6.230239130903304,0.2484585717249019,0.0173109289604481,3.3308602263405764,0.0806729053960371,0.0056207476548243,295.7332619902731,295.866653781977,296.000165961894,173.0,False,-8226.676295260531,-270.83366246129333,-35.975881567976266,13.16569226284856,9.264255730580226,1.140351050690947,66.0,0.9381699562072754,0.9879894852638244,0.9937970340251924,0.9999384880065918,0.9999384880065918,,7.224114894866943,7.4746363162994385,7.7300705909729,3.046989149879664e-05,0.1073967963457107,0.1695797741413116,0.1177873834967613,0.5671977698802948,0.8734849691390991,7.138350963592529,7.337602615356445,7.481313705444336,80.0,False,False,1.0,1:1,hunt,cr135,29.828836681681505,15.296715,-104.55701556760089,-270.83384350901395,-57.04328642246709,-18.00039750891248,-7.538838150956716,-11.81676250833848,0.0943218249137487,0.2443216481408399,0.0514592621569676,0.1885840043446716,0.4849576012582705,0.1045784630901219,55.0,203.74739104538915,261.4291314611024,323.4569493518434,1.0,2.0,3.0,1.0,3.0,4.0,0.6726015361149625,Collinder_135
Collinder_140,1324.0,Collinder_140,o,18.976552441061976,203,19.06538876306403,201.0,110.80240156703594,-32.01159004027159,244.95326250459283,-7.899120120622147,0.5671435282038977,0.5973401744086937,2.0012699809517573,2.531030815124539,3.72403177457209,3.922325870017868,13.145846585822872,16.629771059746997,-8.088174582671503,0.2649463569077334,0.0186878751282577,4.756496875402723,0.2382592628691666,0.0168055126502467,2.59058900004523,0.0807496956566894,0.0056956443813361,375.9457999928448,376.2087091545976,376.4719862927956,157.0,False,-8279.865015721965,-337.5969020410846,-30.49865069109709,14.575702623835223,15.315716291874413,2.165969369742736,50.0,0.9465203285217284,0.988111972808838,0.9938272833824158,0.9999936819076538,0.9999936819076538,,6.978178977966309,7.236835479736328,7.475440979003906,4.391928086988628e-06,0.0951276570558548,0.1606545448303222,0.0909235626459121,0.5952955186367035,0.889366090297699,7.682788848876953,7.861551761627197,8.020339965820312,80.0,False,False,1.0,1:1,hunt,cr135,17.251842306078746,16.862197000000002,-157.75951875299037,-337.59712473286777,-51.70211271015862,-19.760701449758287,-7.691428396738861,-11.180793204396196,0.2206511849265666,0.4721820032725645,0.0723134332741253,0.352097136549732,0.7814236082310899,0.1583884457636981,35.0,192.32649399104383,228.84755393626875,277.79067111990645,0.0,1.0,2.0,1.0,2.0,4.0,0.4651494741791027,Collinder_140
Delta_Cephei_Cluster,1409.0,"Delta_Cephei_Cluster,OCSN_33,Theia_161",o,18.3715555987713,164,18.3715555987713,164.0,336.4238629829972,57.15725020120135,104.14149149746405,-0.2991499371963025,2.330839746524118,2.362689364300417,8.450182407616253,8.450182407616268,9.797791869018148,9.931824069422523,35.76079171893887,35.760791718938925,16.50641026236069,1.3625581962950908,0.106397919653779,4.667228111895811,0.775954735159647,0.0605918850225795,4.113462406832763,0.115145938764199,0.0089913872115,240.58710024370853,240.7125638574536,240.83815839535436,132.0,False,-8180.785612783637,233.4147274278044,19.694078990860252,-15.482366510190984,9.01317809172268,1.3436052604269162,45.0,0.960473656654358,0.9915988445281982,0.9956618547439576,0.999996304512024,0.999996304512024,,7.593328475952148,7.828305959701538,8.133634567260742,1.1946770683834984e-08,0.0724045485258102,0.1347542107105255,0.0025973438750952,0.4293327778577804,0.6410530805587769,6.742458820343018,6.928316831588745,7.080041408538818,80.0,False,False,3.0,m:m,hunt,none,67.34509342038584,-13.98031,-58.80944052145358,233.4146708772041,-1.2567910203175074,-15.172210957631911,-18.55799905796489,-5.723542954691894,0.0613370120779848,0.243446602447193,0.0013108066546863,0.1975116002722167,0.7292841901465645,0.0514239874688964,35.0,131.624512785212,161.54732862853336,210.1272265842488,1.0,2.0,3.0,1.0,2.0,3.0,0.5993121403222128,Delta_Cephei_Cluster
FSR_0569,1550.0,"FSR_0569,FSR_569,MWSC_207,Theia_51,UBC_187",o,27.00338098567793,333,27.00338098567793,333.0,37.81756344597411,72.46688259491552,130.37376023721217,11.053324379523945,0.3183192641922786,0.4153070992297348,0.983901279308237,0.9839012793082376,4.951571921782485,6.460299643702827,15.306289338821394,15.306289338821404,-1.537909051440629,0.2391985356142863,0.0131079990066377,-1.743534476083323,0.2274015634292253,0.0124615289131398,1.0839184131955133,0.0796652868926884,0.0043656308295162,889.6556297000482,891.247517954315,892.8451132498577,215.0,False,-8688.148054233756,666.3881652886029,193.12287707936716,-23.59811386295795,12.41806597788885,2.1296807454142628,34.0,0.4709094166755676,0.7879860401153564,0.8732935786247253,0.9873002767562866,0.9949028491973876,,6.585424900054932,6.727069139480591,6.885102272033691,0.8398590087890625,1.1188854575157166,1.3533074855804443,1.8126338720321653,2.190259575843811,2.7023870944976807,9.586416244506836,9.713211059570312,9.88831615447998,40.0,False,False,3.0,1:m,hunt,none,5.334198089151428,-24.9276925,-566.614516310501,666.3878892057475,170.8722016182037,17.7069540975404,-15.399446661914888,-14.933494781541626,2.027728147847938,2.384784437091639,0.6114957575780124,1.5555510066796403,1.8319155684891728,0.673777681257042,12.0,540.1692176420412,606.2578127178974,697.3175017372909,0.0,1.0,2.0,5.0,7.0,9.0,1.0,FSR_0569
FoF_2383,1745.0,FoF_2383,o,25.86059620462053,422,26.11434627597752,313.0,95.3801032772089,-16.096698999142966,224.19589087133724,-13.752779410297071,0.5050286880466056,0.3692654611362583,2.396634390170586,2.9351636368227605,3.2172040590241657,2.3523178978990047,15.275888996070105,18.71387715528584,-5.369774857451163,0.2859951728697918,0.0161654029362736,5.048560075234557,0.2099107459785041,0.0118648568622561,2.6921013545176757,0.1108994076441162,0.0062684051341572,364.70516212647016,364.98409877290726,365.2634624229312,225.0,False,-8376.371868217868,-247.1405202781247,-65.31827753305552,22.23883952205263,10.741770464544867,1.4227822552455285,57.0,0.7795544266700745,0.9556213617324828,0.9772799909114838,0.9993680715560912,0.9999383687973022,,7.262598037719727,7.578148126602173,7.896157264709473,1.1463782811915737e-06,0.1523346155881881,0.2442080676555633,0.0631638765335083,0.635372132062912,0.898956835269928,7.645143508911133,7.804707765579224,7.980062961578369,40.0,False,False,1.0,1:1,hunt,cr135,37.85716836982711,23.397933,-254.177017946402,-247.1408841654071,-86.76876902945298,-23.93191132918676,-6.619107864649517,-10.279541275186222,0.3888035258251534,0.378040658102833,0.1327264109191617,0.387106400745522,0.3666710424118267,0.1432565318943085,66.0,412.64806270317706,461.4707044064412,596.2796974105688,2.0,4.0,7.0,2.0,4.0,7.0,0.6914153974192954,FoF_2383
Gaia_8,1749.0,"CWWL_3595,Gaia_8,PHOC_41",o,17.69929901336584,150,17.90572227859631,147.0,282.5431401358786,33.39282362520661,63.22413540719902,14.7774469358927,0.6893819257216256,0.442433991443416,3.704127109144525,4.903082325969841,3.480314142323845,2.233545032925367,18.72531425841448,24.81239685027717,1.7426193294983556,0.3601073016964712,0.0297011496530867,-3.95540755265852,0.4319614475226833,0.0356275797152516,3.436492851413879,0.1228170447349189,0.0101297791198256,289.0394916159951,289.2412486603771,289.44328756478006,115.0,False,-7995.791038707208,249.686153775006,94.25301074679672,-21.79977662665789,9.168696055833635,1.7645163786511366,27.0,0.7203261852264404,0.9583773612976074,0.9792737066745758,0.9992740750312804,0.9997857213020324,,7.067075252532959,7.323521614074707,7.577371597290039,0.003083974123001,0.1810590922832489,0.2569230198860168,0.0995199307799339,0.643703430891037,0.8861902952194214,7.123820781707764,7.297815561294556,7.447760105133057,80.0,False,False,3.0,1:m,hunt,alphaPer,21.06306723574388,-18.576504,125.99367780897236,249.68637934003831,73.77536886282188,-3.925117792142429,-16.691397433568813,-8.811801803098529,0.1758937803906661,0.3485752772512853,0.1029942831629284,0.2859740857678829,0.516097204471521,0.2172504882007749,19.0,73.14267268280813,92.82289269783372,135.68940791543372,0.0,1.0,1.0,0.0,1.0,2.0,0.5080123715472011,Gaia_8
Gulliver_9,1755.0,"Gulliver_9,Theia_82",o,29.520519164452605,444,25.68589045169244,285.0,127.20387396257831,-47.9249066123484,265.1138154182761,-5.314346998288181,0.5321421723108831,0.4236156870402799,2.339854918429863,3.310152715765375,4.567483838889816,3.635940781156633,20.09404219998506,28.442544503670167,-5.931438366491736,0.2037264407944266,0.0120677128574432,6.934883542785719,0.2672688801267932,0.0158316421203035,2.0000997207445725,0.0801529951633495,0.004747853673404,491.3211657183408,491.76711760141046,492.2138797640641,246.0,False,-8163.797303474462,-487.8737023032991,-24.641245793152457,22.70631534545452,23.0019342889614,3.428925912273398,45.0,0.9321388602256776,0.9824614524841307,0.9899141490459442,0.9998419284820556,0.9998419284820556,,6.756231307983398,7.005716562271118,7.188283920288086,0.0688214600086212,0.2077889889478683,0.3123469352722168,0.1158884912729263,0.6415152847766876,0.9596038460731506,8.272748947143555,8.431602478027344,8.607836723327637,10.0,False,False,2.0,1:m,hunt,gamma_velorum,10.132498830125613,22.609896,-41.70703901542456,-487.8738080022696,-45.54742930100238,-23.409944580816,-20.27512040983971,-4.10349847825973,0.0757115679393791,0.8856464479944179,0.0826831002485732,0.222463752488484,0.9869752950165792,0.2316958558386802,33.0,348.0672342395435,393.2639464848671,481.4828418650922,0.0,1.0,3.0,2.0,4.0,6.0,0.3238937596400407,Gulliver_9
Gulliver_28,1773.0,"Gulliver_28,Theia_955",o,13.404706780863751,105,14.069015719453333,98.0,293.6542452344376,18.16389907151763,53.94832145922318,-0.9301997811504514,0.6339894276126468,0.844553317387589,1.937731109050852,2.766075388830409,6.966506820972648,9.280552954526597,21.299747758915515,30.4170381448306,-4.419002894837463,0.2413980367129735,0.0243848841035518,-3.471515155960085,0.2159252763684425,0.0218117467356721,1.541836689870617,0.0720700846126873,0.0072801779357599,628.5779015927087,629.5612051938475,630.5475900387545,90.0,False,-7751.543058108564,508.9243318834202,9.632081349105029,3.062022289677266,9.821007768616262,1.6145637314785604,37.0,0.9404667615890504,0.9778308868408204,0.9856428802013396,0.9993022680282592,0.9997268319129944,,7.585428714752197,7.821051120758057,8.018805503845215,1.901569485664368,2.1316771507263184,2.3394174575805664,2.028474807739258,2.3325294256210327,2.709263563156128,8.772887229919434,8.94072961807251,9.057402610778809,80.0,False,False,2.0,1:m,hunt,none,66.22944577250638,3.56996775,370.4572056884541,508.9246614735503,-10.220507945497602,15.874550881705236,-5.675446421590748,6.483826655239476,1.1590378691998922,1.5922566659797326,0.0319765834472178,1.1820752889396533,1.6266896568585902,0.1499587348003759,22.0,306.7638455466873,372.34543937196855,447.2160607749936,3.0,4.0,5.0,3.0,4.0,5.0,1.0,Gulliver_28
HSC_263,1993.0,,o,5.501959670284628,41,5.501959670284628,41.0,264.82226779647027,2.4258682303919468,26.720711544927227,17.13501797239957,1.0596005510022235,2.175529092398932,2.175529092398932,2.175529092398925,9.308173823708398,19.11817673208759,19.11817673208759,19.11817673208753,0.0401388734720997,0.2167198700272549,0.0338459573781661,-9.34473317239697,0.3320522759519475,0.0518578530790891,1.9087526302995768,0.0803616388565444,0.0125503794517601,502.0154395772087,503.2634920680439,504.5177655511403,30.0,False,-7692.028391238064,216.24350705125173,167.97406931416697,-12.79155442549168,10.931665071906586,3.155699885978049,12.0,0.7631667852401733,0.9597747325897216,0.9796742796897888,0.9998430013656616,0.9999565482139589,,7.187410831451416,7.417834758758545,7.670369148254394,0.2168415784835815,0.3659181296825409,0.5314140319824219,0.0386263839900493,0.5441700518131256,0.7788609266281128,8.287744522094727,8.450472831726074,8.617197036743164,40.0,False,False,0.0,,hunt,none,26.17187026149713,-11.219412,429.56667129260353,216.24412442826736,148.2737199012898,3.498858090613436,-20.13801713857447,-13.289430298777487,2.135890753159288,1.0752087083514823,0.7372463657870298,1.8933343374041345,0.9549069451890416,0.7323934644045884,7.0,69.22092734934864,89.41898165066158,156.8051170030148,0.0,1.0,1.0,0.0,1.0,3.0,0.947562934444204,HSC_263
HSC_381,2087.0,,o,21.97661636217924,288,21.97661636217924,288.0,271.3857571177933,17.77089872822893,44.159677973057455,17.924248947613375,3.052265744698375,6.904202245658362,6.904202245658362,6.90420224565835,16.69766562278266,37.91796567902484,37.91796567902484,37.91796567902477,-1.0359275355257889,0.5936131217017012,0.0349789886463823,-8.11003706084471,0.7781791050982079,0.0458546435160518,3.1608990164551165,0.185803432872267,0.0109485722793099,312.95531316878817,313.14461451108133,313.3341450023027,217.0,False,-7907.98049750433,207.5667717536448,116.6260770443866,-17.044572007227806,9.381127493061925,1.129355036158623,69.0,0.6119345426559448,0.923110008239746,0.9581744372844696,0.9991627931594848,0.9993315935134888,,7.142811298370361,7.486536026000977,7.702737808227539,0.0153514444828033,0.2109860330820083,0.3077607154846191,0.3289662897586822,0.8269961178302765,1.2648411989212036,7.316989421844482,7.464339256286621,7.62966775894165,-1.0,True,False,0.0,,hunt,alphaPer,30.657449814155463,-17.463295000000002,213.74670638046496,207.56711213970652,96.37317607498174,-2.837324557734637,-19.20995254985471,-8.740073239319354,0.2585835838570176,0.2511077183682744,0.116589030442384,0.4472731774735997,0.4511125163806872,0.2351292081313654,54.0,265.1762122014919,296.0346300838082,368.3064406207736,1.0,3.0,4.0,2.0,3.0,5.0,0.5636251231712014,HSC_381
HSC_415,2117.0,,o,6.925995524210303,35,7.081879396483113,34.0,275.2494994201951,22.77173920945826,50.46834457079128,16.568831621214798,1.275366653509825,3.014280293628317,3.014280293628317,3.836458182892621,6.719455928147101,15.893219366116345,15.893219366116345,20.239860537600844,-1.1410135745094068,0.2156817243431786,0.0369891105659517,-7.382171222843673,0.3172427646083245,0.0544066852770256,3.262151124287534,0.0533059366484585,0.0091418927149068,301.43979658038046,301.82134393917937,302.2038584090764,31.0,False,-7937.619686790743,223.12056303024215,106.39824137935236,-21.63191968850176,10.324940710932056,2.9805536494117746,12.0,0.8997619152069092,0.9839492440223694,0.99179345369339,0.9999920129776,0.9999920129776,,7.265721321105957,7.5169970989227295,7.751092910766602,4.684807936428115e-05,0.1330513805150985,0.2186584174633026,0.0041443346999585,0.3987426608800888,0.6064397096633911,7.222893714904785,7.382033586502075,7.54541540145874,20.0,False,False,0.0,,hunt,alphaPer,32.88494341618984,-18.161633,184.1337780020495,223.1208607356792,86.06948913821893,-2.3103344293826127,-19.362900967109976,-7.245527690920182,0.4661353279684306,0.5648312695482218,0.2178852244429947,0.4378647260001405,0.5262920272771064,0.2228756979205604,11.0,32.74239248721255,48.75088039636655,85.24642559162152,0.0,0.0,1.0,0.0,1.0,1.0,0.6237464274934201,HSC_415
HSC_474,2169.0,,o,12.343316984219284,86,12.343316984219284,86.0,260.8049865131252,34.708304939865414,58.59072641931144,32.30005327427954,3.2849961328813877,7.93126039337276,7.93126039337276,7.931260393372741,18.10415724505633,43.94362373119927,43.94362373119927,43.94362373119916,-2.847600053936985,0.545310764995501,0.0588023720471533,-3.863764409147088,0.8070472460729847,0.0870261426502477,3.0758419247503124,0.2062104325718379,0.0222362428077019,315.1129142269915,315.42045100616184,315.72858865734594,69.0,False,-7982.597591176289,227.5446301886185,188.99005780204288,-22.208175412806305,5.812801412588224,1.370090432177292,18.0,0.2037217915058136,0.6688836216926575,0.8224390745162964,0.998678982257843,0.998678982257843,,7.24710750579834,7.491064548492432,7.748231410980225,6.7736376507809845e-09,0.0894789546728134,0.1481521725654602,0.1109614819288253,0.6307250261306763,0.9205094575881958,7.2724833488464355,7.467078685760498,7.627086162567139,20.0,False,False,0.0,,hunt,alphaPer,30.97879697893461,-22.272971,138.944621897356,227.5450070038204,168.545906940402,-4.380522857549771,-21.243501026468326,-8.90841131967415,0.2712083210349192,0.4441488880007398,0.3289875621986198,0.3406380642801421,0.4755399253012292,0.3402492098067835,15.0,51.91577159051449,69.08127262221808,93.91329918824806,0.0,0.0,1.0,0.0,0.0,1.0,0.5038250080462684,HSC_474
HSC_517,2208.0,,o,6.24068516766647,39,6.624626904104377,36.0,304.80319229756384,24.818877692335143,65.03792438989277,-6.342242661100683,6.0360623958060495,12.06768582006366,15.643170610046234,17.99446801552464,12.058279104981258,24.38001759931532,31.9321687179978,37.040492123559225,6.98113910951882,4.631055556112681,0.7718425926854469,-9.254990627850477,2.4955121794818744,0.4159186965803124,9.32203670186599,0.7760022033809834,0.1293337005634972,113.96934210158204,114.03637554677152,114.1034878926054,33.0,False,-8074.174772946642,102.75117401293596,8.080500118488317,-23.66025688066384,4.771217797897482,1.0945924325609364,19.0,0.5893865823745728,0.9083473682403564,0.9515575170516968,0.9993203282356262,0.9993203282356262,,7.384603977203369,7.670605897903442,7.885713577270508,0.0245562195777893,0.1661509573459625,0.2500046789646148,0.0498857609927654,0.5001861602067947,0.7767987251281738,5.145601272583008,5.2541584968566895,5.403625965118408,20.0,False,False,0.0,,hunt,alphaPer,46.83881487169643,-23.805498,47.83089676988261,102.75120000227813,-12.597267962735852,-8.254213414970144,-22.20457887669113,-5.288218681893444,0.0562654981955574,0.1208705637724847,0.0148186968192476,0.312353808023859,0.6287757549766572,0.1095577474735586,18.0,21.30813863082561,28.93442614561188,36.57793614449952,0.0,0.0,0.0,0.0,0.0,0.0,0.911419821787559,HSC_517
HSC_633,2309.0,,m,5.488669477950627,156,5.947968041792867,140.0,307.3753617957591,42.39364395145502,80.6829372720198,1.9883905073358643,2.523041775407457,2.4091909571025822,9.560011721176144,12.841050191198804,20.10109867021876,19.19295275417953,76.82978150500735,103.98553085237604,3.386128996170755,0.654249817322705,0.0552942016765638,-0.1945488462293837,0.4673641717211639,0.039499481823781,2.1585788507965757,0.083989664172398,0.0070984222028521,455.75323553862665,456.1809482346746,456.60946447957343,125.0,False,-8048.122498493198,449.8916576246372,36.43979803168846,-7.208358375828934,9.063389264222884,1.4330476697830972,40.0,0.8992825150489807,0.982634663581848,0.9913798570632936,0.9997602701187134,0.9999117851257324,,7.486213684082031,7.759438514709473,8.026684761047363,2.628047923280974e-06,0.088929459452629,0.1544918119907379,0.0811708346009254,0.5301373898983002,0.7810388803482056,8.100333213806152,8.274141311645508,8.453783988952637,80.0,False,False,0.0,,hunt,none,57.4696450370646,-6.520386,73.81017694777324,449.8917495330464,15.828108330425778,-4.963721013766364,-6.328600487811332,-6.325188175986772,0.1385380294456695,0.8444244279251052,0.0297085717529341,0.3040047096129454,1.0404405335467382,0.1477923125801856,29.0,191.35447413250836,235.82638214360645,338.1556013775554,1.0,3.0,4.0,1.0,3.0,4.0,0.5202800802874749,HSC_633
HSC_705,2369.0,,o,7.499815252049676,60,9.661651294790076,52.0,325.9905822919813,41.96761113894794,89.65982530762346,-8.481004936502979,0.7951510860830702,1.9475952000880803,1.9475952000880803,3.582422201708149,9.56919049629566,23.44572520439294,23.44572520439294,43.16590859445745,-1.4788167241438086,0.2224807927776438,0.0308525348525259,-4.4949316961282,0.1759714578152391,0.0244028505450381,1.4212284313174448,0.0268583167571681,0.0037245783938701,688.044895659866,689.4778098320172,690.9167047999603,46.0,False,-8118.1842489036335,681.9263666516948,-80.89426388285983,-6.856151731543543,11.944347913850294,2.546543531633524,22.0,0.8816968202590942,0.9794042110443116,0.9899085760116576,0.9999094009399414,0.9999218583106996,,7.177464485168457,7.390603065490723,7.591434955596924,0.138219952583313,0.3304207175970077,0.4332479834556579,0.0320649519562721,0.3904958367347717,0.5995199680328369,8.988058090209961,9.162057399749756,9.316065788269045,40.0,False,False,0.0,,hunt,none,24.58119915798405,-7.239863400000001,4.048758393283606,681.9262210591451,-101.6852341208965,13.641964335010991,-5.474553835370637,-7.464970619912026,0.0168638659491477,2.840355304523314,0.4235387718019865,0.3090107891118477,1.331875561742436,0.3922255371909643,7.0,121.21882488938066,144.12164551264672,209.91015891391316,0.0,1.0,2.0,0.0,1.0,3.0,1.0,HSC_705
HSC_782,2440.0,,o,10.670991047286147,47,10.67099104728615,47.0,284.83942366235857,69.61145656376965,100.41136377563056,24.626720184972086,1.3025010178165486,0.9662538912431232,6.098922648148157,6.098922648148163,4.42155190581451,3.279852138005892,20.77875936380414,20.77875936380416,4.361855977111925,0.5500695809567601,0.0802358947495082,10.33337878950549,1.4274120881920809,0.2082094521081297,5.0978950443576965,0.1368778369765984,0.0199656845268417,194.35845037402729,194.46635197030415,194.5743734401624,39.0,False,-8153.7119972098035,173.86743186372985,101.91681380848708,-14.108804316182445,9.142276977249942,2.0973821819837366,19.0,0.0392153561115264,0.3380770683288574,0.5962351262569427,0.9795825481414796,0.980993628501892,,7.076510906219482,7.330403804779053,7.547314643859863,0.00159153342247,0.1275144964456558,0.1991676092147827,0.0312626473605632,0.4343734383583069,0.7054007053375244,6.336984634399414,6.477087497711182,6.632686614990234,40.0,False,False,0.0,,hunt,none,21.399508801144016,-11.69125,-31.94630849981189,173.86752117519922,81.03505724231157,-8.860532528812515,-11.61816804986944,-6.555078416834401,0.035471148674766,0.1930514348271117,0.089976172468468,0.2925231044532078,1.2604642703982023,0.6262227095169771,17.0,27.739130502649413,36.55050000101796,57.73551651308878,0.0,0.0,1.0,0.0,0.0,1.0,0.5125385546277621,HSC_782
HSC_842,2493.0,,o,7.623301724229155,30,8.23641331161813,27.0,349.04793266301647,50.885932864232124,107.97941546003904,-9.199745698562491,0.2583509946489682,0.6164988976455437,0.6399437299321031,0.9753454961755088,3.3034832523127764,7.883300713266848,8.183119178642142,12.472670923099336,-0.6109997162516444,0.2306660489180862,0.0443917018119215,-3.1126905824586157,0.1326411459230363,0.0255268004347618,1.3398803053635662,0.041925308750871,0.0080685294310578,730.5061976190744,732.6248754566806,734.7558785899781,30.0,False,-8345.506098079764,687.8857467608073,-95.75696154617032,-9.774736561290013,8.413702360915494,2.248656542059772,14.0,0.0694564282894134,0.5406376123428345,0.773029088973999,0.9993574023246764,0.9993574023246764,,7.577052593231201,7.805569410324097,8.034055709838867,0.4035404026508331,0.6051480174064636,0.7537052631378174,0.2112886607646942,0.6261008083820343,0.9729002714157104,9.119105339050291,9.283395767211914,9.452404022216797,10.0,False,False,0.0,,hunt,none,63.91008723184901,-7.842121500000001,-223.2343104328036,687.8853670625317,-117.12972536787072,7.983736049176024,-6.465661814497857,-8.71421540650901,1.2948981571336446,3.99016393314048,0.6794254217927005,0.5772102734761788,1.6325776484501155,0.2614073619207228,9.0,57.95535023266645,88.09539279497426,138.51623695297374,0.0,1.0,2.0,0.0,1.0,2.0,1.0,HSC_842
HSC_873,2519.0,,o,8.634307488385256,47,8.634307488385256,47.0,345.0626271526443,61.99739399200436,110.27749904413008,1.8887253482703503,0.7570990139454356,1.3705782340598465,1.3705782340598465,1.3705782340598789,4.779560408682944,8.653597184634352,8.653597184634352,8.653597184634554,7.402139907470528,0.2328014191484712,0.0339575770247895,-2.455395125945286,0.2264715464066237,0.0330342701911172,2.743303442663594,0.058618836873807,0.0085504361422143,361.3060745618069,361.68677483815736,362.06827823177656,34.0,False,-8247.222837965597,339.0870565502488,33.04177176274418,-30.650512416519145,41.42079243910605,10.0460177837188,17.0,0.7654050588607788,0.9298467636108398,0.9589777886867524,0.99676513671875,0.999277889728546,,7.025851726531982,7.345632791519165,7.544122695922852,0.6511647701263428,0.9580506682395936,1.1945310831069946,0.7408213019371033,1.3149102330207825,1.8222981691360476,7.604127883911133,7.755450010299683,7.908445358276367,40.0,False,False,0.0,,hunt,none,22.16321663592764,-15.759227,-125.28070999119224,339.0869575234181,11.920655789104671,-4.201670664311694,-17.187535968933496,-9.683275625964196,0.2640113589290394,0.7145777546851946,0.025121094336356,1.188569014076486,3.456832542685744,0.1480406932440346,12.0,61.55681506583637,79.74516977057604,122.3341919257325,0.0,1.0,1.0,0.0,1.0,2.0,0.9970339079077996,HSC_873
HSC_921,2562.0,,o,13.84004631869094,90,13.84004631869094,90.0,5.513567797448863,30.87952657765492,115.53187895165831,-31.56966126834229,5.687555654031982,12.159374155583846,12.159374155583846,12.159374155583894,17.223931094741385,37.26295979272902,37.26295979272902,37.26295979272918,14.005494793584589,0.9584351572761696,0.1010279362191466,-2.6977749445372394,0.7465488198859545,0.0786931551783473,5.755306811984611,0.2626464861033331,0.0276853705175431,172.84466697039738,172.94159985969674,173.03864153172583,72.0,False,-8185.713272105577,132.958094358834,-69.57790931273945,2.3405455440131915,16.25593446417886,2.6724591636132606,37.0,0.0467307865619659,0.3118723630905151,0.5406706631183624,0.9765987396240234,0.9805437326431274,,7.398296356201172,7.63450813293457,7.914305210113525,8.310227713081986e-05,0.1090533137321472,0.1733375787734985,0.1030900627374649,0.5505805909633636,0.831963300704956,6.055177688598633,6.202135801315308,6.35161828994751,80.0,False,False,0.0,,hunt,none,43.10306297425655,5.0843024,-63.508497330162406,132.95790229247143,-90.54095176704168,-11.11106676897173,-1.7515587001383983,-6.490441334800342,0.071232328833787,0.1491280917561539,0.1015524397572562,0.665215974622206,1.4425004942147217,0.8603781770368197,29.0,64.71840450138285,85.68171680692646,101.30062646201344,0.0,1.0,2.0,0.0,1.0,2.0,0.4185953772549874,HSC_921
HSC_958,2596.0,,m,9.623385779584394,107,9.623385779584396,107.0,5.700408519576414,68.3278135447391,120.28137901241011,5.603561802982825,8.503085953759543,10.540339474428375,27.04974488659673,27.049744886596773,26.244873910714613,32.66298909670208,89.63613389610894,89.63613389610909,26.001643667758565,1.3737498834514346,0.1328054139154729,-7.745571608687042,7.218129249469862,0.6978028928110305,5.57394295359333,0.3124924099419834,0.0302097815240731,175.45459897063049,175.54387468034562,175.6332412877616,87.0,False,-8210.023539977941,150.86822244603127,38.16658509192278,-9.808918624770756,8.275121924441889,1.5108236480407944,30.0,0.8163642287254333,0.9622640609741212,0.98049134016037,0.9987117052078248,0.9999033808708192,,7.325291156768799,7.609713077545166,7.8592705726623535,0.0001733550161588,0.1254531592130661,0.1967144906520843,0.0125976921990513,0.4788761287927627,0.7162250280380249,6.073281288146973,6.245396852493286,6.395347595214844,40.0,False,False,0.0,,hunt,alphaPer,40.7111225464287,-5.3941733,-88.09447580256737,150.86816567757757,17.140940929329204,-14.432333898430874,-20.17106746451043,-2.617114245971192,0.0896493900027906,0.1535310687828541,0.0174434876237867,0.4321208780724104,0.5764870495572755,0.0771783224078352,21.0,68.97757580674093,85.298110112972,108.31067669949928,0.0,1.0,2.0,0.0,1.0,2.0,0.8509163870465648,HSC_958
HSC_976,2609.0,,o,23.989160722607263,235,23.38981526555865,223.0,9.999562602933535,79.31976132105626,122.3794741277272,16.460286667383464,5.269788041351303,4.617785249593292,21.36487592029898,21.36487592029901,15.041512295556464,13.171850882480378,63.79405984897943,63.79405984897952,17.160693933146813,5.797658226474454,0.3882399107516889,5.322129410685826,5.298966165963198,0.3548450203489822,6.036607551311252,0.4566641993455964,0.0305804966542911,163.0297462154813,163.07745947686283,163.125200674518,190.0,False,-8205.607457551681,132.07780364122783,67.22251959468477,-9.005191222257046,8.919378873625984,0.9401850851548416,90.0,0.7810429334640503,0.94965398311615,0.9717050790786744,0.9989598989486694,0.9995220899581908,,6.923953056335449,7.129964351654053,7.388808727264404,0.1233904659748077,0.3160544633865356,0.4448677003383636,0.2345755994319915,0.8826996982097626,1.219934582710266,5.920565128326416,6.046503782272339,6.201935768127441,-1.0,True,False,0.0,,hunt,none,13.488521597435811,-9.374962,-83.75275944115111,132.07779360658105,46.20811088367368,-9.998969574794195,-13.739065811171788,-5.443028008292298,0.0490231720001759,0.0773093619432359,0.0270470869589161,0.458446747704773,0.9479683242919876,0.3312405297024046,67.0,149.9538469701647,179.50753284238672,215.57640708456557,0.0,1.0,2.0,1.0,2.0,3.0,0.3836495790128391,HSC_976
HSC_1020,2648.0,,o,5.96491196465646,25,5.96491196465646,25.0,18.97490423038756,48.66905473866751,127.09007884870746,-14.005097012386392,4.00387925422241,6.407762970164998,6.407762970164998,6.407762970164952,18.64367707161545,29.91336244344114,29.91336244344114,29.91336244344092,18.48726313884364,0.4859336046866777,0.0971867209373355,-10.793433657044586,0.8249381428119033,0.1649876285623806,3.709890803593348,0.0757450341337265,0.0151490068267453,265.8362848610887,266.3578436726805,266.8814530571749,18.0,False,-8277.995115826883,206.15493593483737,-43.26135258315663,0.6177460004345371,16.87492517301453,5.62497505767151,9.0,0.4796545505523681,0.8977138996124268,0.9493930041790009,0.9997926950454712,0.9997926950454712,,7.285323619842529,7.528372764587402,7.77325439453125,0.0005793116870336,0.1482805758714676,0.2198975980281829,0.0002186638012062,0.287103608250618,0.4809497892856598,6.929389953613281,7.105670213699341,7.270712852478027,20.0,False,False,0.0,,hunt,alphaPer,33.75769341158441,-5.0112996,-155.85746446689427,206.15469627267728,-64.46078544844893,-13.530746105831565,-22.997750283401142,-7.396928046320299,0.6115729979538855,0.8089355622009862,0.2529392861741399,3.066952465753462,3.061641436539304,1.2692638673092185,5.0,15.445231428975609,24.253486524506076,37.37587618964741,0.0,0.0,1.0,0.0,0.0,1.0,0.5749823625729149,HSC_1020
HSC_1250,2812.0,,o,5.864157364038785,34,5.864157364038785,34.0,51.3801282415231,30.97032362542218,157.88838629977076,-21.24736433606627,1.2355809866170844,1.9234890482835727,3.504023047613578,3.504023047613555,6.270037413914638,9.763027227655169,17.8008382786301,17.800838278629982,7.411211995408961,0.7274637488960324,0.1247590036781348,-8.36941635134482,0.3527941053849108,0.0605036899201293,3.411918827533747,0.050086390810336,0.0085897451588673,290.1340304560848,290.7061491438593,291.2805286247809,32.0,False,-8373.259972989454,101.98745372333194,-83.90752428682075,48.03400938028818,92.46462197034194,32.69118060753971,8.0,0.709518313407898,0.9083822965621948,0.944641649723053,0.9938133955001832,0.9986214637756348,,6.434808731079102,6.619134902954102,6.727491855621338,1.4524253606796265,1.7322373390197754,2.0683507919311523,0.4929981827735901,1.2264384627342224,1.7617038488388062,7.165616512298584,7.28984260559082,7.439000606536865,20.0,False,False,0.0,,hunt,none,4.160398230156183,15.9360025,-251.0178782301757,101.98706548155842,-105.3505027673464,-15.58164520165105,-11.407220156123508,-6.253499604041974,0.9899740289238252,0.4022205383327843,0.415485392550849,1.050864614955209,0.5408650493607243,0.5846357340897612,5.0,28.111469894735457,39.59855718399263,70.83950112087798,0.0,0.0,0.0,0.0,1.0,1.0,0.9460286778544248,HSC_1250
HSC_1262,2823.0,,o,14.834880014138625,143,14.939229805414875,139.0,57.64357030069438,35.07487136974744,159.53112607418385,-14.770121483155144,0.6099692979975323,1.3938563887917392,1.5258906519191944,2.0133845301832323,4.113183547445596,9.400640036353602,10.291526835738788,13.581859882194506,3.3747544532204383,0.1904206144701929,0.0161512657176475,-4.379395868583985,0.1919532979038271,0.0162812662297587,2.563342399147477,0.0658834408912752,0.0055881605213204,385.8730037862019,386.3459276641197,386.820012190444,127.0,False,-8472.216929929446,130.6407211216718,-76.79930234959448,19.600217878482603,15.871979997718032,2.8506917612530773,31.0,0.9265974164009094,0.9804664254188538,0.9877134263515472,0.9994198083877563,0.9995869398117064,,6.528337478637695,6.703601121902466,6.860311508178711,0.2062194645404815,0.4386143237352371,0.5691452026367188,0.3805651068687439,1.0461323261260986,1.4453175067901611,7.704329490661621,7.869295835494995,8.0233736038208,40.0,False,False,0.0,,hunt,none,5.053603002365628,21.029127000000003,-349.9927312793366,130.64025088163442,-98.49562794288232,-21.87426071171488,-2.5148558349594765,-6.817146188101184,0.8578997064862506,0.3202244585965275,0.2414317862930914,1.2750223570974932,0.4389565866293079,0.4171171882591689,16.0,108.02942420282412,127.12062350269338,163.76586693857308,0.0,0.0,1.0,1.0,1.0,3.0,0.4038030167077441,HSC_1262
HSC_1318,2861.0,,o,10.806903335568116,52,10.806903335568116,52.0,64.56537898315416,28.24950404306857,168.8241257759311,-15.664981987234183,0.7082991287856566,0.5434320604138905,3.217332480288395,3.217332480288356,1.590407231100298,1.2201909221201923,7.231397865451898,7.23139786545181,8.663386456959277,0.7972904681660888,0.1105642947850585,-25.442091523532746,1.0589637046297282,0.1468518436883764,7.6914724331437725,0.1566232241249757,0.021719733288888,128.56479470538173,128.6447722104734,128.72484928221365,42.0,False,-8243.57946669158,24.00813009564005,-13.624459483470185,23.44302961482545,30.09423935061832,6.904092005898439,19.0,0.4313875138759613,0.7616331577301025,0.846277505159378,0.98979651927948,0.9905556440353394,,6.534697532653809,6.742944717407227,6.906668186187744,0.4157916009426117,0.6077183485031128,0.8635169267654419,1.137126326560974,1.6620147824287417,2.3825573921203613,5.361570358276367,5.49757194519043,5.601009368896484,40.0,False,False,0.0,,hunt,alphaPer,5.532796761729015,16.82253,-121.51761467853194,24.00796603796969,-34.73563453636769,-16.858601931663234,-12.031183160808446,-11.04099632255512,0.1511872582212134,0.0298697318109191,0.0432166592639546,3.648394655208234,0.5732306213937796,1.0440191473763183,21.0,32.1740185684401,38.64189573220649,48.164901127183775,0.0,0.0,0.0,0.0,0.0,1.0,0.2829616392428871,HSC_1318
HSC_1340,2875.0,,o,17.61831169964826,194,17.86557375962673,192.0,61.30359550510212,21.9853172750713,171.4429972615808,-22.131617625303285,7.767104822298498,13.354737481043138,21.165288709870204,22.89214536249641,16.38004071782094,28.509226104730963,46.496140006284286,50.708578958029214,0.7156511844871188,2.813742075619249,0.2030643430986187,-14.54741482537951,1.6378089988266735,0.1181986832942214,8.348423023194174,0.4832553544775367,0.0348759511243667,120.05549393251545,120.08994411180228,120.12442097514266,172.0,False,-8232.092302328829,16.552206111247713,-24.16041635003661,14.989207507626844,13.368706822810418,1.3504433214434446,98.0,0.6111260056495667,0.9257944226264954,0.9620865881443024,0.9990001320838928,0.9997482299804688,,7.166724681854248,7.424614667892456,7.6707658767700195,0.1370285451412201,0.3002824485301971,0.4778766334056854,0.5912312865257263,1.0616303086280825,1.6538481712341309,5.245941638946533,5.345580101013184,5.502355098724365,40.0,False,False,0.0,,hunt,none,26.58365351962852,15.7970295,-110.0035140753266,16.55203733163154,-45.24214437919001,-13.755874529404007,-6.444873310476907,-9.85508204599848,0.0631378169078971,0.0095002374358941,0.0259672634310419,0.5105907847944732,0.0795217046835506,0.1832705702423998,73.0,128.60718164693392,162.67581932322648,190.57940846775912,0.0,1.0,3.0,0.0,2.0,3.0,0.3938857378955281,HSC_1340
HSC_1403,2923.0,,o,13.240719162249476,105,13.560765027944852,100.0,75.69316613742147,24.30051458114417,178.49400010337848,-10.526842300125722,1.368170064050117,2.937643384028431,2.937643384028431,3.6740678321140727,11.588174167927702,24.89844550963156,24.89844550963156,31.155547121369803,1.231287280781416,0.169240998317479,0.0169240998317479,-5.204023900032566,0.3318294909326116,0.0331829490932611,2.0220293090545507,0.0880913123281004,0.00880913123281,484.5762200831188,485.1935348332756,485.8124244175619,93.0,False,-8599.0613483301,12.53763279613267,-66.62214388109248,16.300518078255845,11.23554724124186,1.7134048911938242,43.0,0.2213166058063507,0.6821461915969849,0.8214890360832214,0.9913505911827089,0.9934096336364746,,7.255776882171631,7.465548515319824,7.659332275390625,1.2382221221923828,1.4906868934631348,1.6682088375091553,1.725247144699097,2.090080976486206,2.553528308868408,8.202226638793945,8.335560321807861,8.487569808959961,20.0,False,False,0.0,,hunt,none,29.211140615381343,16.1218,-476.8626729151361,12.537059012665113,-88.64298943263175,-15.23996580678049,-11.102323610545334,-7.580212985216342,1.2149784794522134,0.0319426488194096,0.2258497689839913,3.30604829055408,0.1532497423653355,0.5684411351733192,26.0,360.2851681591417,413.50601144590166,496.20102294056346,2.0,3.0,5.0,2.0,4.0,6.0,0.9819099782553278,HSC_1403
HSC_1438,2950.0,,o,16.023125762104115,110,16.023125762104115,110.0,60.265618122351285,8.339133728808703,182.1193262574724,-31.99467813197656,4.231166494746305,9.931337574456265,9.931337574456265,9.931337574456236,10.921313089067356,25.847122264989714,25.847122264989714,25.847122264989643,24.000504298936,2.40613137106742,0.2294156247122989,-23.56645571314406,1.4264693337038383,0.1360085144392696,6.689606095493564,0.3468664865106052,0.0330724218350923,147.5494116646434,147.6205756227036,147.69180825948771,92.0,False,-8247.284130183847,-4.629638023881769,-57.094885642494496,15.94176116559968,14.026371297480289,2.3059212368746898,37.0,0.5742202401161194,0.9454452991485596,0.9767198264598846,0.999778926372528,0.9999470710754396,,7.5225300788879395,7.7527008056640625,7.999870777130127,0.0336623191833496,0.2035387456417083,0.29597869515419,0.1412885785102844,0.6982526481151581,1.006879210472107,5.672985076904297,5.794081449508667,5.960841655731201,80.0,False,False,0.0,,hunt,alphaPer,56.584932957159545,15.300000190734863,-125.11097622131842,-4.6298692891017215,-78.21535837987864,-14.67563497320976,-23.75980674864532,-7.127735309978158,0.1206835626836806,0.0044660279812678,0.0754474818353827,1.074124093714417,0.1444226496547964,0.7478733137475946,25.0,65.93110445363644,84.66204620249846,103.53968024437238,0.0,0.0,2.0,0.0,0.0,2.0,0.942094936302195,HSC_1438
HSC_1553,3043.0,,o,23.40240262834285,330,23.40240262834285,330.0,93.0127446083767,13.98187735659221,196.0195916192325,-2.150118302111446,2.583759888236124,2.704249435512409,9.15715118736902,9.157151187369015,9.560798764161174,10.007299513257244,34.152919787618,34.15291978761798,5.629764771761837,1.5948372599366212,0.0877929017231815,-16.330014024409067,2.3312991453902843,0.1283337942372377,4.620462136959007,0.4078354384378709,0.0224506019927259,211.7750551744033,211.8703230732286,211.9656767239593,275.0,False,-8325.492571581686,-58.42764672041061,13.371884017551409,21.31878612068782,20.91986202028629,2.0816040724246334,101.0,0.3348037004470825,0.7945796251296997,0.8972956240177155,0.9953914880752563,0.9988775253295898,,7.251827239990234,7.585412740707397,7.805376052856445,3.413131864811459e-13,0.0454000085592269,0.0949977934360504,0.0928200930356979,0.6120153367519379,0.874525785446167,6.540176868438721,6.6904942989349365,6.871316432952881,20.0,False,False,0.0,,hunt,alphaPer,38.49574605055638,22.068176,-203.4994721009789,-58.42784769274613,-7.948916138090432,-17.048556106332498,-22.84967975628989,-3.817795585416603,0.1830902230338154,0.0525680364425866,0.0071517081276653,0.5155787929212422,0.1631890715754788,0.0874791023340587,55.0,264.78983382136386,293.0227856295448,369.4982280562309,1.0,3.0,5.0,1.0,3.0,5.0,0.8758511208783689,HSC_1553
HSC_1633,3101.0,,o,5.335677793249418,68,5.665391370065229,62.0,80.75313357516164,-4.580720707589428,206.75362878478143,-21.732458704496445,0.5421197818224937,1.0228862621906565,1.0228862621906565,1.34327125353483,3.542689628992018,6.684953327505832,6.684953327505832,8.77946781269982,1.8446072541502505,0.1784709026217612,0.0226658272988023,-1.0411967490903349,0.1787919176334103,0.0227065962460507,2.6343777356370706,0.0393334377806603,0.0049953515934979,373.8654904376909,374.4100719558704,374.9562422895856,63.0,False,-8432.893805243564,-156.56256487498544,-117.0388399487091,14.80237882302371,23.31889614065932,5.65566305063214,17.0,0.6542894244194031,0.9090288877487184,0.9468430280685424,0.9969916939735411,0.998696506023407,,6.547988414764404,6.77818751335144,6.936348915100098,0.104416400194168,0.3211491852998733,0.4720969200134277,0.3483506143093109,0.8891156613826752,1.3155434131622314,7.69324779510498,7.842156887054443,8.017510414123535,40.0,False,False,0.0,,hunt,none,6.000501012331075,21.379179,-310.5664745701972,-156.56305739785705,-138.6339637797113,-17.9105962352906,-12.900984984458074,-5.620051518421176,0.9047592002646638,0.4561080419202312,0.40387602806274,4.997399877736754,2.491866992083336,2.0915012708727065,8.0,50.12574616747531,65.01028006651113,95.67161162771514,0.0,0.0,0.0,0.0,1.0,2.0,0.322363274969338,HSC_1633
HSC_1640,3107.0,,o,9.03568122839632,128,9.03568122839632,128.0,67.13723695389723,-12.157192329156496,207.68867344718515,-37.156883256486616,4.492522494967721,9.458615089687752,9.458615089687752,9.458615089687736,18.34331176121357,38.895043382104376,38.895043382104376,38.89504338210431,2.2062346612785277,0.9775654314187994,0.0864053932012232,-3.7764254619360615,0.9334799702751856,0.082508752135425,4.319071491880047,0.3546524526474425,0.0313471442789309,233.3123036166193,233.4634093429988,233.61471092478467,99.0,False,-8287.093245723576,-86.4587233785323,-119.78975074403915,13.37019543212318,15.695657790564937,2.4218925769427755,42.0,0.7371913194656372,0.9483566880226136,0.9734818637371064,0.9992026090621948,0.9992026090621948,,6.915029525756836,7.220517873764038,7.438650608062744,0.0834719538688659,0.3124533295631408,0.4573529660701751,0.3000923097133636,0.7689161002635956,1.2204195261001587,6.729835510253906,6.896842241287232,7.040423393249512,40.0,False,False,0.0,,hunt,none,16.615670595851444,12.8399305,-164.7594168446847,-86.45908376328364,-141.0117899250608,-6.627527913199896,-8.640596322787577,-5.586236124505327,0.2134143927869161,0.1119912489108116,0.1826538725311479,1.541229902298916,0.7392787157243144,1.2769005880916409,27.0,94.53917433021827,110.0467110749838,138.50529466374354,0.0,0.0,1.0,0.0,1.0,2.0,0.3790224194175174,HSC_1640
HSC_1648,3114.0,,o,6.923465588543924,78,6.965856785001003,76.0,77.27480479652347,-8.815627361427355,209.1963918431288,-26.723032840985063,2.5110977294450176,4.599468606367706,4.599468606367706,4.964722345667887,12.594452735643252,23.10358935020784,23.10358935020784,24.94717168261208,1.7366372910446608,0.2820125612629321,0.0323490593514261,-2.9747615540848824,0.2477327523660067,0.0284168955939107,3.493403053181416,0.1152000749064007,0.0132143548632978,286.87148937809553,287.1839265397452,287.4970450058535,64.0,False,-8346.224416653522,-125.1263868677228,-107.76695262724893,12.160992853662025,18.47095024183681,3.851459366753987,23.0,0.4720087349414825,0.8771073818206787,0.9327068328857422,0.9977649450302124,0.9977649450302124,,6.795795440673828,7.033077955245972,7.286813259124756,0.0557756423950195,0.270493820309639,0.3947307467460632,0.0398451797664165,0.654384583234787,0.918442964553833,7.195133686065674,7.302333831787109,7.523303508758545,40.0,False,False,0.0,,hunt,none,10.791404090249689,14.469813,-223.9211306410889,-125.12678484780533,-129.14032146797973,-10.221509029567551,-10.573672867354308,-6.6815559250622725,0.4877540506330717,0.2725562164565787,0.2812986640239217,2.893099864842848,1.5205261893057598,1.43877917193481,14.0,72.25426507909792,88.4232036013945,111.34360812864884,0.0,0.0,1.0,0.0,1.0,2.0,0.2022833764192684,HSC_1648
HSC_1677,3139.0,,o,10.49255871752344,47,10.49255871752344,47.0,100.15665010134612,-0.6856592773364449,212.30952635091208,-2.718081711846935,0.5984257244581437,0.7559100815308318,1.8832370053127048,1.8832370053127256,5.846198909085715,7.384870380990979,18.403861508849943,18.40386150885015,-3.8340272037629854,0.2096229492547924,0.0305766497108138,0.7640753200928732,0.2349725511734506,0.0342742691791539,1.7426582893209417,0.053297151809894,0.0077741885956121,558.2973601764521,559.719159495349,561.1482190118386,40.0,False,-8594.567331082804,-298.8288533992699,-4.533735712805552,46.633879399477976,8.272162236753429,2.1358631053381285,15.0,0.8352737426757812,0.9817533493041992,0.9925721883773804,0.9999871850013732,0.9999871850013732,,7.555437564849853,7.7799131870269775,8.097213745117188,1.8362205764788089e-06,0.0654894411563873,0.1320492923259735,0.0345819368958473,0.3855952769517898,0.5823693871498108,8.51339340209961,8.72013235092163,8.863509178161621,40.0,False,False,0.0,,hunt,none,60.24391499109135,46.35649754138184,-472.5272969191552,-298.8293319349493,-26.542824788782173,-41.34341860691882,-18.265285777114705,-10.683382565768536,2.406758097396221,1.5220494542074905,0.1351925251824859,1.3817641627529929,0.833700821523728,0.2179682390894491,6.0,80.230021006279,107.97748096813189,167.21000884898547,0.0,1.0,2.0,0.0,1.0,2.0,0.6281273184713533,HSC_1677
HSC_1765,3212.0,,o,7.004569552432406,37,7.004569552432406,37.0,89.26080145416239,-18.751807177237097,224.2723205923322,-20.165395193330816,2.160043737464078,4.511464092254565,5.528824841937583,5.528824841937577,7.166818139626187,14.992510553261054,18.392542459761994,18.392542459761973,-7.375945434043612,0.869365936296948,0.142922879524992,8.292713032648658,0.8268468091551804,0.1359327780817777,5.247170890118904,0.1438870372779539,0.0236548832148638,189.84739367266792,190.01183493533776,190.176561315131,26.0,False,-8249.854973200027,-124.5105074514094,-44.3761115816552,14.50708786229529,13.832133918055382,3.836343699279484,13.0,0.8852834701538086,0.9814388751983644,0.991158127784729,0.9999665021896362,0.9999665021896362,,7.266786575317383,7.588524580001831,8.026847839355469,1.888086483856895e-18,0.0801599621772766,0.1778605878353119,0.0011956214439123,0.3897765278816223,0.6474989056587219,6.283785343170166,6.4631876945495605,6.622868537902832,20.0,False,False,0.0,,hunt,cr135,38.77256922120208,16.686208999999998,-127.71425318614088,-124.5107224659664,-65.50303000322519,-18.255464720779067,-4.06745448942407,-9.287438718474467,0.2212462168186988,0.2156965695818371,0.1134743947275183,1.7616504018114254,1.8385402067115275,0.913366755106124,7.0,15.514704775853277,24.49429831694998,35.92697468357772,0.0,0.0,1.0,0.0,0.0,1.0,0.5680176354597601,HSC_1765
HSC_1766,3213.0,,o,7.939187493020921,24,7.939187493020921,24.0,85.95380861479424,-20.145807380450304,224.38808404846623,-23.579263617586744,2.67424851690905,6.059531050430516,6.059531050430516,6.059531050430508,5.25313599719347,11.93888548318577,11.93888548318577,11.938885483185754,15.278454473192308,2.150422651218733,0.438953185567408,-5.32288690443559,1.307177434487185,0.2668264764811658,8.942521550623615,0.4682874150168742,0.0955887683131902,112.3916278643654,112.46670770138428,112.54188791509785,21.0,False,-8195.748744586537,-72.10345764832735,-24.000058803563647,25.41597499650172,4.923823493979822,1.2713257594565777,15.0,0.5540393590927124,0.93086576461792,0.9711048305034636,0.9999834299087524,0.9999834299087524,,7.142441272735596,7.502976417541504,7.773777961730957,0.2658931016921997,0.5575828552246094,0.7733851075172424,0.0244745127856731,0.6580638289451599,0.968369722366333,5.112377166748047,5.212757587432861,5.364955425262451,20.0,False,False,0.0,,hunt,alphaPer,31.840246225291143,24.714546,-73.66040334798056,-72.10359224911488,-44.98863528242211,-14.972622557400584,-21.80523784520183,-4.599107851054486,0.0984132653142921,0.0963333029905157,0.0601066285133029,0.5996409426604205,0.5394644497127707,0.3484786322041105,12.0,12.492216447644648,18.96028806275068,36.67319954614819,0.0,0.0,1.0,0.0,0.0,1.0,0.8011012986417703,HSC_1766
HSC_1865,3293.0,,o,22.581046450478077,246,22.89206951429644,234.0,103.6632609132336,-24.2335537286768,235.0802053853792,-10.123880579915408,0.2764473309218422,0.5424525213338598,0.7204666095741171,1.154771687866789,4.158319293771971,8.15974844868621,10.837742066537633,17.372287157546637,-2.819478662631485,0.0956486567439371,0.0062527482972599,3.5053950862830074,0.1302493448426327,0.0085146660382725,1.1221740714285806,0.0624186304509051,0.00408043352155,860.2199586538899,861.8361254061596,863.4583764431615,211.0,False,-8608.019015551903,-695.6626534385323,-129.44848197741106,35.28528879117107,13.572233222374289,2.3626225454349634,33.0,0.9808233976364136,0.994899034500122,0.9971847534179688,0.999946355819702,0.999988615512848,,6.68609094619751,6.884605884552002,7.055665493011475,0.0618686974048614,0.1612083166837692,0.246052861213684,0.2875331342220306,0.7530949711799622,1.1002665758132937,9.529341697692873,9.675447940826416,9.852743148803713,40.0,False,False,0.0,,hunt,cr135,7.666654366914487,36.642994,-485.6588471148641,-695.663327719274,-151.4910087784361,-35.75201860565377,-19.2945642534212,-10.723159746534744,1.824901745993316,2.6140102850390576,0.5692395146601541,1.0524863715581323,1.3760967753040938,0.3945006475604291,12.0,413.9311523125101,486.6095500762285,573.9447372857144,0.0,1.0,3.0,3.0,5.0,8.0,0.1711141785483123,HSC_1865
HSC_1894,3315.0,,o,5.500293522996486,44,5.500293522996486,44.0,103.26741570344748,-26.974513783718272,237.45587177624665,-11.606228239440432,0.4995572009827119,1.113107179953429,1.113107179953429,1.1131071799534062,6.995093701529876,15.5879474916229,15.5879474916229,15.587947491622582,-2.9095174647109654,0.1567765463498862,0.0236349536441061,3.603772786443626,0.1022229112026902,0.0154106837016882,1.2186567318287729,0.0342873147595769,0.0051690071875605,799.9472697668247,802.2688685440609,804.6039819838222,40.0,False,-8545.14111857057,-662.4659432293462,-139.52237767728863,33.92849683655041,7.876330501507169,2.184501037360392,13.0,0.9773863554000854,0.9943301677703856,0.9967896640300752,0.9999263882637024,0.9999818205833436,,7.09343957901001,7.319748401641846,7.565425872802734,0.0001785225322237,0.1032127887010574,0.157783567905426,0.224509909749031,0.6709024608135223,0.9875129461288452,9.340147972106934,9.501102447509766,9.688471794128418,-1.0,True,False,0.0,,hunt,cr135,20.88086096506164,36.222202,-422.7554026941178,-662.4665735574607,-161.4039833676329,-35.686894615933184,-22.88548615572094,-11.440256655535936,2.453853471966568,3.84523980350366,0.9368578673433204,1.058827723394901,1.439483518748164,0.370460952556758,6.0,86.90630650241485,122.88085736854532,187.5071676707068,0.0,1.0,2.0,0.0,1.0,3.0,0.2537787914407196,HSC_1894
HSC_1900,3319.0,,o,6.580003844853145,35,6.580003844853145,35.0,81.20270028289934,-33.86333071698488,237.7061923829184,-31.790314650145525,5.950407586883988,12.507180772100504,15.204243886548593,15.204243886548584,6.023036921670406,12.818548826926644,15.704830767604696,15.704830767604689,29.062046615815248,5.961475869362553,1.0076733390906287,-0.1261141731379515,8.925052393700614,1.5086092008422012,16.99329950210609,2.080121425409818,0.3516046946074109,57.76993110424023,57.78646291124408,57.8030041826482,31.0,False,-8148.29276912791,-41.51986405507888,-9.575404689790975,24.643910724704664,2.3037530682851304,0.5285172008171916,19.0,0.6127960681915283,0.9348763823509216,0.9694066643714904,0.9998718500137328,0.9998718500137328,,7.16660737991333,7.426063776016235,7.698672771453857,8.48298986966256e-06,0.0949315577745437,0.1560278534889221,0.0001278280979022,0.5198454856872559,0.7831674814224243,3.728450775146485,3.8221148252487183,3.948369264602661,20.0,False,False,0.0,,hunt,alphaPer,26.67250320684297,24.19622,-26.24153189130033,-41.51993318063305,-30.442609094264903,-12.67834735670637,-21.570315124010907,-5.692620901411067,0.0150188850132444,0.0237632126348756,0.0174232985857649,0.4031786684924813,0.3342326464737754,0.2803809045780002,17.0,11.844900736157904,17.293439038119175,28.325452818030943,0.0,0.0,0.0,0.0,0.0,0.0,0.7102708150246684,HSC_1900
HSC_1902,3320.0,,o,10.659525020077924,62,10.872993154255497,60.0,109.82256733515962,-24.97781016382888,238.26287401492937,-5.43664015877084,0.4952122975170013,0.549735492010178,1.6865560398710575,2.0716945948878824,6.330527408525593,7.0275632302505135,21.565716651182488,26.49431608410945,-3.1765829688532907,0.1630821030086426,0.0210538089672318,4.8378015038364905,0.1942299788969627,0.0250749824534051,1.3146806598078449,0.0646562625973673,0.0083470876089205,730.187938130769,732.4201609687173,734.6660737020632,53.0,False,-8505.686930539172,-620.099164603734,-47.61212417175454,37.68243652866624,9.58308683344554,2.889409396357628,11.0,0.8542178869247437,0.971616506576538,0.984451711177826,0.9996252059936525,0.9999701976776124,,7.208417415618896,7.490995645523071,7.741996765136719,0.0303156971931457,0.2003705948591232,0.2959002554416656,0.2130140662193298,0.7129568457603455,1.0541709661483765,9.157637596130373,9.324916362762451,9.512755393981934,40.0,False,False,2.0,m:m,hunt,m6,30.973882429314514,40.3716925,-383.5366289115941,-620.0996233005928,-69.39310959334799,-38.85362486067496,-22.691756457392632,-5.686225314766116,2.345005110934494,3.7913895996193774,0.4242807189546198,2.5733452322612616,3.551074750056245,0.4976580510517032,6.0,93.6984404977037,124.76997474630627,177.87802164932728,0.0,1.0,3.0,0.0,1.0,3.0,0.5906954314727931,HSC_1902
HSC_1913,3330.0,,o,8.809871669784503,48,8.809871669784503,48.0,106.26647222517374,-27.79604249972852,239.3655444275438,-9.546577734851844,0.2867553167744401,0.5807945267473519,0.5807945267473519,0.5807945267473941,4.062744312930093,8.228899845799424,8.228899845799424,8.22889984580002,-3.1337233007820693,0.0694965725785061,0.0100309662214892,3.402427315685033,0.0767665351810768,0.0110802949378873,1.1881666958746329,0.0281967629017587,0.0040698521629016,809.7024593756906,811.7588242968787,813.8256607271055,42.0,False,-8530.22778411589,-688.7927494755222,-112.78617923466012,36.902758021736695,15.10575403547951,3.900288920754508,15.0,0.9896078109741212,0.9984976053237916,0.9993101954460144,0.9999988079071044,0.9999988079071044,,6.827691078186035,7.068906784057617,7.234951019287109,0.0226617753505706,0.1179353594779968,0.1795485019683838,0.0219960454851388,0.4294285774230957,0.6536292433738708,9.389339447021484,9.54026222229004,9.71609878540039,40.0,False,False,0.0,,hunt,cr135,11.719437953011882,34.838642,-407.9105242807678,-688.7933266675703,-134.62966293897222,-32.34974340660593,-19.66708283699941,-11.509662312109128,2.071917390522458,3.498617434582457,0.6838302110867858,1.084341784405617,1.800617257252633,0.3347283811838175,7.0,105.14498597041346,139.4074536397316,179.89822552080227,0.0,0.0,1.0,0.0,1.0,3.0,0.2332130740737456,HSC_1913
HSC_1989,3392.0,,o,8.095578487351563,39,8.472395100337598,38.0,94.20173376669416,-39.62914009195352,246.99410923531727,-23.20468224392497,4.970431717738849,11.247526017010536,11.247526017010536,12.740311487077795,14.864606558398783,33.99024900192323,33.99024900192323,38.64466137365316,4.421194535436414,2.621213078412902,0.4252169106666819,9.691883396152784,1.2992369106754391,0.2107640580353113,5.770753255557128,0.1845908400081559,0.0299445883938442,170.8365988227492,170.91909129829023,171.0016634791885,38.0,False,-8183.541379038098,-144.5977331136585,-46.387879369901846,27.44226491031518,20.240821345473996,4.52598524489086,20.0,0.9187819957733154,0.9890655875205994,0.9942097067832948,0.9999808073043824,0.9999808073043824,,6.970171928405762,7.268648862838745,7.502637386322021,9.487485641557215e-08,0.1205825954675674,0.2182507812976837,0.0068452120758593,0.4263744056224823,0.655037522315979,6.008274078369141,6.1862523555755615,6.347717761993408,20.0,False,False,0.0,,hunt,alphaPer,18.563029841703347,26.203863,-61.39570840492273,-144.5978891439181,-67.34503110708421,-14.71882173670572,-23.16438707808028,-4.338076728797782,0.0592927415991297,0.1396450256790444,0.0650382841269845,0.7450529731652711,1.816923032689396,0.8741525533053656,14.0,21.330719549308736,30.2252243430208,40.37092017718709,0.0,0.0,0.0,0.0,0.0,1.0,0.524649279676848,HSC_1989
HSC_2056,3450.0,,o,6.840866093788966,51,6.840866093788966,51.0,114.55434855391822,-43.43646555174877,256.6116805296904,-10.516357976391182,1.2522094796032894,2.733033183064631,3.1680318223256245,3.1680318223256143,9.480331732848974,20.703885643694644,24.00544876252152,24.00544876252144,-5.927112129179473,0.274938048702312,0.038499027393937,5.8596586193457885,0.31925667349826,0.0447048761592646,2.2771105437693717,0.0702494836615627,0.0098368952884537,433.0520594587828,433.7105885204274,434.3711234424494,35.0,False,-8220.914682690753,-414.83635247093457,-58.106851027315024,11.525756043859731,4.216062145545264,1.4906030665094805,8.0,0.7927736043930054,0.964817762374878,0.9801946580410004,0.9996740818023682,0.9997553825378418,,7.183778762817383,7.436928749084473,7.717680931091309,0.3362017869949341,0.5891139507293701,0.7826879024505615,0.3853244185447693,0.9393708407878876,1.3999950885772705,8.002157211303711,8.158102989196777,8.336494445800781,40.0,False,False,0.0,,hunt,cr135,27.348200113840704,12.458992,-98.73864338621942,-414.8365605914522,-79.15922494339335,-18.75801861240417,-7.925898626594062,-7.4307076882697345,0.3002983826868899,1.261661533445647,0.2407505958154843,0.3356761660383219,1.6433629126938394,0.4030573085933767,7.0,45.079910381028895,66.43121005123035,111.55869704615256,0.0,0.0,1.0,0.0,1.0,2.0,0.6391485869734955,HSC_2056
HSC_2068,3460.0,,o,5.935713703001611,28,6.099160745035874,25.0,126.66663029254656,-39.03190175402381,257.63834721635584,-0.4636278647427969,2.56169678335754,4.292302668611775,4.292302668611775,5.304010597122179,7.617504284724843,12.779072186329586,12.779072186329586,15.80676224135104,-8.4867691581722,1.3332873637980305,0.2666574727596061,5.380905440975843,0.9810069831020788,0.1962013966204157,5.859859794430746,0.1595706339118076,0.0319141267823615,170.14362376447687,170.26214422025475,170.38082991161446,25.0,False,-8158.425728439474,-166.30926814065822,19.51533409213365,20.41535494474318,13.924426072988568,4.403290150127786,10.0,0.3930739164352417,0.8679366111755371,0.9334365725517272,0.9996334314346312,0.9996334314346312,,7.148152828216553,7.420683860778809,7.6241631507873535,0.1004599928855896,0.2561826407909393,0.3856258988380432,0.1157180070877075,0.6854716837406158,1.0072003602981567,5.998154640197754,6.147425651550293,6.269632816314697,20.0,False,False,0.0,,hunt,alphaPer,26.34412999775112,20.645655,-36.44880009251916,-166.30930406947235,-1.377717758530096,-11.748275524469683,-19.943543687680727,-2.7497904930383705,0.0507798106110684,0.2316991215640769,0.0019194115217899,0.1728531628752405,0.3940483808495629,0.0625032457455282,5.0,12.208852723950418,16.389613822761625,25.28338074282477,0.0,0.0,0.0,0.0,0.0,0.0,0.6869574995644346,HSC_2068
HSC_2126,3504.0,,o,11.474749009039696,82,11.474749009039696,82.0,133.07107611645912,-43.4265334020132,264.0546178335213,0.6755694877187657,1.6306826908602707,1.493066233998012,6.3827640802805785,6.382764080280565,14.824629521430804,13.572957775927852,58.251572005424975,58.25157200542486,-12.010622937522053,0.6105529277846224,0.0674242915647214,9.821583144106128,0.2776666733606019,0.0306631544793372,1.8883437021354816,0.0907021363929232,0.0100163753401193,520.0813913080982,520.7385577125078,521.3973869876977,71.0,False,-8175.892504893857,-517.9015059762538,27.07710683074836,16.734332261965736,9.641657161350413,1.822101933962725,28.0,0.9479578137397766,0.9915382862091064,0.9961215257644652,0.9999996423721312,0.9999996423721312,,7.585015773773193,7.811370134353638,8.10539436340332,6.1566688600578345e-06,0.0939844399690628,0.1481903493404388,0.1562440395355224,0.5474235713481903,0.922650933265686,8.379995346069336,8.546971797943115,8.730684280395508,40.0,False,False,0.0,,hunt,none,64.7694388391979,15.368973999999998,-53.93454674515195,-517.901547128833,6.139840181858887,-39.91994322034319,-12.484005593717637,-6.941946550961509,0.136301853293844,1.3088260671024727,0.0155164295654515,0.4667025332792018,2.1811827442452536,0.1134734448935382,18.0,166.8946770061791,206.86712254694123,282.29941145257845,1.0,2.0,5.0,1.0,2.0,5.0,1.0,HSC_2126
HSC_2139,3517.0,,o,12.154316615991688,67,12.154316615991688,67.0,128.38112865050854,-47.5181827744776,265.2493421980925,-4.434348551792765,3.8908270980124,7.312665279817395,7.312665279817395,7.312665279817383,12.797003118160209,24.145760260913928,24.145760260913928,24.14576026091389,-7.866227985813765,1.1442572895935887,0.1397932772703005,7.973849354461485,0.8196305309125077,0.1001338065390445,5.307616171305503,0.224456283424215,0.0274216994282177,188.04686358397484,188.15712979359748,188.2675253940589,59.0,False,-8137.547185516812,-186.949391597885,6.29184288710546,21.10770914088713,9.751957874152696,2.0791244046390904,22.0,0.9555106163024902,0.990408182144165,0.994987964630127,0.9999934434890748,0.999971091747284,,6.753073215484619,7.062281608581543,7.271533012390137,5.440769655251643e-06,0.1197224706411361,0.1997792720794677,1.1423879868743825e-06,0.3295641988515854,0.5447378754615784,6.27992582321167,6.441962242126465,6.584434509277344,20.0,False,False,0.0,,hunt,alphaPer,11.542014314314429,20.5383455,-15.536460644961153,-186.94942741858267,-14.547696403771766,-10.874324797812571,-19.39500868231513,-3.9712855389103856,0.018220428489613,0.2192454736826619,0.017060852408484,0.1527740443756317,0.8188559705969505,0.0638388397810776,5.0,34.31505652288773,44.74975922263528,64.92010998918076,0.0,0.0,1.0,0.0,0.0,1.0,0.3457759569650209,HSC_2139
HSC_2215,3578.0,,o,15.499274835346815,148,15.499274835346812,148.0,141.91805226219824,-49.82982040098239,272.8700493582004,0.7628777637493293,1.7615980108456286,2.185007296414528,5.601908577192521,5.601908577192481,16.02571558841325,19.880954960103324,51.10892051786434,51.10892051786397,-11.769365641608278,0.7060495319593999,0.0580369140207734,4.342830462075769,0.3652201251352608,0.0300209093578863,1.90881586533211,0.0789928329663887,0.0064931708720277,520.6099643988264,521.0703674756787,521.5315855911621,125.0,False,-8095.868048885261,-520.3706768789759,27.670146847696195,18.9071233674932,14.196841753066886,1.788633937197773,63.0,0.6761949062347412,0.9513673782348632,0.9759405255317688,0.9998521208763124,0.9998521208763124,,7.533048629760742,7.760095119476318,8.01254940032959,4.214387445244938e-05,0.1006358563899993,0.1616684198379516,0.1018343567848205,0.6094222962856293,0.8462992906570435,8.390727043151855,8.538966178894043,8.72800350189209,40.0,False,False,0.0,,hunt,m6,57.55659843912165,17.545017,26.08813154080329,-520.3706424220047,6.937705619181969,-27.72186933377144,-19.467107863920184,-11.36058713706463,0.0461422801931519,0.9203835832170172,0.012270773630405,0.1258637556763596,0.8177216490186157,0.1038611290820328,40.0,307.0791563332841,357.0611113291069,457.78094633347854,2.0,4.0,5.0,2.0,4.0,5.0,0.9520214053258368,HSC_2215
HSC_2216,3579.0,,o,5.134415796398259,11,5.134415796398259,11.0,113.76252226251044,-61.1611583566153,272.95742088005306,-18.556199059165845,0.6415667454163324,1.3347713675036978,1.3347713675036978,1.3347713675036823,3.097088950678794,6.444350300146024,6.444350300146024,6.444350300145947,-4.500718336235841,0.3121624989193345,0.0941205347759232,9.161771728046416,0.2775230933719927,0.0836763610339697,3.6021606480931427,0.0512089766551908,0.0154400874057578,276.1640861590634,276.5771612236734,276.9914738613267,10.0,False,-8108.671115684805,-261.84913380549585,-67.25116336060256,20.46942678790499,2.2846759990092838,1.0217381680694,5.0,0.9124598503112792,0.9889801740646362,0.9949712157249452,0.9999824166297911,0.9999824166297911,,7.503344535827637,7.816839694976807,8.093750953674316,0.1299072206020355,0.4098973572254181,0.6016843318939209,0.0004180894466117,0.4759125560522079,0.7131183743476868,6.99461030960083,7.174210548400879,7.354184150695801,10.0,False,False,0.0,,hunt,alphaPer,65.59031173084537,21.08811,13.527818647019714,-261.8492505046646,-88.01644302824656,-12.09822317093341,-20.33399221546264,-7.151242737543302,0.0404688179511083,0.7833287779651528,0.2633034565700427,0.4151987447457112,1.908635659010256,0.7760219153430014,5.0,12.537580534046992,18.976570762701297,65.24663648039694,0.0,0.0,1.0,0.0,0.0,1.0,0.9556867270646658,HSC_2216
HSC_2247,3604.0,,o,9.092796751016824,46,9.092796751016824,46.0,104.41226382088288,-66.26147026549323,276.7830567304444,-24.06014710570259,1.4657815006694035,1.978661395207869,4.448835064156869,4.448835064156861,10.578009979251275,14.281839658039043,32.16327788035948,32.16327788035942,-2.1002076338729485,0.338904651385379,0.0499687647502537,7.648534806887127,0.3753987243532432,0.0553495222566952,2.3767724499385845,0.0849588749016684,0.0125265027082211,412.7470807849074,413.3925151767495,414.0399713297654,36.0,False,-8077.821408104489,-374.83377856156426,-147.85234850606972,6.659795486709553,12.456629366331468,3.329174234488524,14.0,0.9065384864807128,0.979161500930786,0.9888949990272522,0.999881386756897,0.999881386756897,,6.862595558166504,7.140580415725708,7.309305191040039,0.0608733892440795,0.2274131029844284,0.3338629901409149,0.0431903228163719,0.4561397433280945,0.7090296149253845,7.86850118637085,8.037190914154053,8.197338104248047,40.0,False,False,0.0,,hunt,cr135,13.822303215734864,8.006252309265136,44.58383015888887,-374.833984646368,-168.53823793622846,-14.688599722855848,-9.876345943077007,-4.292306190820547,0.1394365169900027,1.1722982319443531,0.527105562570739,0.2916205053326053,0.9376658218552808,0.4566769127289802,8.0,38.9620299418848,55.43435190187622,96.9995538409662,0.0,0.0,1.0,0.0,0.0,2.0,0.3220072543705458,HSC_2247
HSC_2253,3609.0,,o,8.523457242388005,28,8.523457242388005,28.0,157.9414512130034,-42.379060161199625,277.167792391435,13.398997215417507,2.168032934030438,2.344403645214998,7.513761333874782,7.513761333874748,6.822059103250191,7.377634091017255,23.76836505505916,23.768365055059057,-15.057379336649523,0.80173146935258,0.1515130061543806,-8.135597012733413,0.9294473782276392,0.1756490442508087,5.511641301805858,0.0719300030645941,0.0135934928509307,180.0671610816782,180.20419191465444,180.34143146697252,25.0,False,-8099.99369159006,-173.92914140665545,62.50249945283991,19.621681237054187,12.80377470902139,3.5511281717588954,13.0,0.2859021723270416,0.800531804561615,0.8997954726219177,0.9986193180084229,0.9986193180084229,,7.471221446990967,7.843107461929321,8.112377166748047,0.0087257921695709,0.2158775627613067,0.3425017893314361,0.0002276023878948,0.2989138066768646,0.5199759602546692,6.139223098754883,6.299809455871582,6.450469493865967,20.0,False,False,0.0,,hunt,none,69.67989088680064,23.178808,21.873026184485497,-173.92905972320727,41.75887561881167,-4.4347229017145455,-25.86599832253607,-7.644148643101587,0.0332906979323226,0.2647196478468174,0.0635569172045293,0.668967487507905,3.893092413109052,0.8315774284942334,11.0,23.771205958618918,34.752197366535825,50.16817778813388,0.0,0.0,1.0,0.0,0.0,1.0,0.9178495947370328,HSC_2253
HSC_2270,3619.0,,o,5.20418032894351,23,5.20418032894351,23.0,142.62012094561248,-58.51606900626052,279.15561695025224,-5.254298142723791,1.26131930395688,2.388951381189314,2.388951381189314,2.388951381189282,8.224401541086259,15.583614018025363,15.583614018025363,15.583614018025154,-16.71330871262368,0.3199132613116879,0.0667065262314944,4.625091427585458,0.4873564556637976,0.1016208457896695,2.646248097416257,0.041840794218789,0.0087244086902134,372.9511624016683,373.5353699358193,374.1214105995672,16.0,False,-8062.875570163204,-367.2268897074085,-13.55890833087404,9.642155089578123,10.202073401874596,3.226178880614605,10.0,0.8938054442405701,0.9799876809120178,0.9898718893527984,0.9999805688858032,0.9999805688858032,,7.379982471466064,7.670047044754028,7.939693927764893,0.1694863140583038,0.3798090517520904,0.5426081418991089,0.1844550818204879,0.7326920628547668,1.0467900037765503,7.625030994415283,7.800980806350708,7.944424629211426,20.0,False,False,0.0,,hunt,m6,46.77858112299334,14.3559785,59.18588609319434,-367.2268848976127,-34.20699473570072,-25.31557875005375,-17.696550539721432,-15.1280290786306,0.1854233417133031,1.1504843580015065,0.1071670239737869,0.3162502929032829,1.7389737832309518,0.2551446235608772,9.0,22.22079379258389,42.925726984033616,92.37243222347392,0.0,1.0,1.0,0.0,1.0,1.0,0.8710788101693377,HSC_2270
HSC_2384,3710.0,,o,23.64678391285831,273,21.24148846365165,166.0,159.04868172103417,-64.21205425096845,288.8657990839636,-5.09865850864151,0.7743770462756774,0.6388659127505055,3.3012414231761804,5.59711506697445,7.443901731058739,6.141146116841255,31.76727487975336,53.97224959679621,-16.865034397203257,0.2229481343843272,0.0173041311707641,1.6397238308384088,0.6142203364213268,0.0476727437012933,1.7756461986723753,0.0532579704958604,0.0041336201798414,550.281736082797,550.7371178527973,551.1932539429746,143.0,False,-7944.722059241138,-519.0886932788203,-28.599146751873043,-6.127966538305322,12.150760799344969,1.5431481646657472,62.0,0.9887904524803162,0.997189164161682,0.9985457062721252,0.9999487400054932,0.9999908208847046,,7.5411376953125,7.752815723419189,8.000547409057617,0.4109675586223602,0.5926268696784973,0.7569461464881897,0.6848140954971313,1.1055031418800354,1.4913290739059448,8.451776504516602,8.613200187683105,8.778220176696777,20.0,False,False,1.0,m:1,hunt,none,56.59990775913782,-4.01324565,177.37764696358835,-519.0886001736765,-48.944545234371134,-40.52495824321211,-8.345280479892999,-18.221113854501738,0.2935754427338111,0.8591368090781089,0.0810074819604267,0.2738988761868317,0.8613589277748668,0.1941016279858994,39.0,563.7503395550129,635.6493010486533,748.0510175798034,5.0,7.0,10.0,5.0,7.0,10.0,1.0,HSC_2384
HSC_2398,3721.0,,o,7.3136628770791825,45,7.816947487594417,38.0,156.48548765775806,-67.83936190337437,289.8506845739865,-8.742898019330061,0.9657207637787736,1.7504609246698046,2.5822429818246504,3.666545292977339,6.323376821283095,11.464204791440574,16.917946747427106,24.03846978339304,-16.485119661137514,0.4439855981365206,0.072023974691298,2.472297738458869,0.759816244778222,0.1232584710261625,2.6377137315414,0.0779295053445255,0.0126418351050062,374.6689136819941,375.1275814376709,375.58737356721184,37.0,False,-7996.218070075391,-348.737966530253,-36.54229304601464,-0.985878401238922,21.38157811770768,7.12719270590256,9.0,0.914130687713623,0.9832242727279664,0.9905730783939362,0.9998102188110352,0.9998255372047424,,7.145749092102051,7.45372200012207,7.636396884918213,0.0094713866710662,0.1596440076828003,0.2456575334072113,0.1036542877554893,0.5103860795497894,0.8105406165122986,7.66486930847168,7.825174570083618,8.002366065979004,40.0,False,False,0.0,,hunt,m6,28.426408982635305,7.43837775,125.901976942581,-348.73793316902777,-57.01972050283,-23.615257490814784,-15.419643323769249,-12.346878447380984,0.3082575662610622,0.8538476452249597,0.1396067059304755,0.7371274534110367,1.5513477877976458,0.2437382072351889,8.0,34.54952251592121,50.50486320730141,81.3341980882979,0.0,0.0,1.0,0.0,0.0,1.0,0.5819666804532562,HSC_2398
HSC_2442,3755.0,,o,14.919643260007712,118,14.91964326000771,118.0,165.23897360840513,-70.57977916769481,293.9358393466395,-9.662739501600823,2.296441882014872,3.5166097521178914,6.559568193888139,6.559568193888111,11.24921811961759,17.238688794161536,32.25616648299117,32.25616648299103,-21.838677414708464,0.8630055520528567,0.079446100632519,-1.3577152587036687,2.480782931078269,0.228374579886606,3.5198485192749795,0.1141484813810299,0.0105082194631015,280.33481078938104,280.51550264030794,280.69642757397594,84.0,False,-8009.900213269422,-252.75383813069385,-26.57143592254078,-1.2074286954604037,18.779861699393063,3.487332769187059,29.0,0.7695120573043823,0.949276328086853,0.9740516543388368,0.9992718696594238,0.9993771314620972,,7.159361839294434,7.417461395263672,7.676596164703369,0.1790668070316314,0.3813463449478149,0.5283137559890747,0.2307000160217285,0.7890945971012115,1.1163058280944824,7.059075355529785,7.238014698028564,7.371203899383545,80.0,False,False,0.0,,hunt,m6,26.1493799416303,2.8501813,112.194268729226,-252.75380292638096,-47.08405666582884,-23.343965381475805,-14.3391905251096,-12.860815425728102,0.1446313316945549,0.3258287568710898,0.0606967708270076,0.5665143681448804,1.1105698739840175,0.2280772960390488,15.0,85.66138586550865,105.88936831547043,143.2374386932397,0.0,1.0,2.0,0.0,1.0,2.0,0.5273481462087852,HSC_2442
HSC_2453,3766.0,,m,14.793775950672206,156,14.793775950672204,156.0,148.16825231893114,-79.47939518657738,295.1053922898708,-19.43847689231903,7.66697503856356,11.262687865183487,22.317301883282948,22.317301883282944,28.184601907234573,41.69380751792057,85.94137127932808,85.94137127932807,-12.65228779588102,4.382979069234706,0.3509191732614463,-2.023018818525909,8.699298501904144,0.6965013042546354,4.705266811030642,0.2175099152750237,0.0174147305836452,209.27396952259664,209.3666087087882,209.4593299483714,122.0,False,-8038.384530645348,-178.78087964884946,-49.090489323009,2.4780267989582607,21.79825285365993,3.363543438640457,42.0,0.5563310980796814,0.8993505239486694,0.945783704519272,0.9984354972839355,0.9984354972839355,,7.067283630371094,7.361762523651123,7.635942459106445,0.0902807712554931,0.2755931317806244,0.441989004611969,0.0203335043042898,0.5471320748329163,0.793166995048523,6.537765502929688,6.66843581199646,6.823267459869385,40.0,False,False,0.0,,hunt,cr135,23.00183711160639,1.46284,83.76761368360508,-178.78090407120231,-69.67605097489862,-12.718660622793312,-3.7425770522920367,-9.751324950500234,0.0741627360460626,0.1582817083555596,0.0616869258888073,0.3389435169602894,0.5207285968005899,0.2572646433493415,24.0,107.20877884359383,131.68657056726835,169.31884481900096,0.0,1.0,2.0,0.0,1.0,3.0,0.5582658738431551,HSC_2453
HSC_2462,3773.0,,o,11.200605817287125,87,11.36272866928279,86.0,173.71797665663922,-67.62587928912657,295.724241705661,-5.831915453289624,2.1383963400699644,1.462593275347475,10.80243823294958,12.377963852198016,11.19877642969492,7.657704056284965,57.22574602246794,65.82044879164197,-18.735386940919543,1.0796695842314867,0.1164237654110845,-0.5931548017839372,2.664692165962938,0.2873411459892606,3.312574052240928,0.1055807437033263,0.0113850643904111,299.67923492191426,299.9185244989053,300.15819651987243,60.0,False,-7992.549079535588,-268.79625677590826,-10.006618158788676,1.1433177397493184,8.525199870800552,1.8175787195294355,22.0,0.5345185399055481,0.89705491065979,0.9503068923950196,0.9990168809890748,0.9990168809890748,,7.291233539581299,7.598949909210205,7.828339099884033,0.1219299435615539,0.3369722068309784,0.4722865521907806,0.1025553345680236,0.6406837701797485,0.9292787909507751,7.217649459838867,7.361433744430542,7.525487422943115,80.0,False,False,0.0,,hunt,m6,39.714574071081856,1.1610889,129.50296266384169,-268.7961810746376,-30.474859123196723,-22.223482267565807,-15.4134302337208,-6.072594035207999,0.2068126536746035,0.4292600753076954,0.048667508109375,0.4491294422673227,0.7168592987490626,0.1251573188568093,12.0,84.58687173808737,108.46103356443976,156.8051170030148,0.0,1.0,2.0,0.0,1.0,2.0,0.8271770307012877,HSC_2462
HSC_2468,3776.0,,o,15.354848957147995,210,15.49479462611364,206.0,182.2294232737984,-51.54021969984605,296.22493495111667,10.776956169547097,6.186115075276716,12.359189111785742,12.359189111785742,12.562747151929225,11.811892251787643,23.878626989666078,23.878626989666078,24.28470000297029,-35.270103298202386,1.505467043129441,0.1048908590876264,-11.962008116499469,2.349796766261627,0.1637180983930159,9.083933732046123,0.3244368356957793,0.0226045854481554,108.95799427445128,108.97627790856956,108.99450834852094,191.0,False,-8074.614595486357,-96.03478344265233,41.05577349253405,12.902930556786435,8.851357983653134,0.8597198872185389,106.0,0.9961620569229126,0.9995635747909546,0.9998321533203124,1.0,1.0,,6.647202968597412,6.923673391342163,7.09269380569458,0.0194175839424133,0.1945587545633316,0.2770811915397644,0.0780777111649513,0.6651811301708221,0.9617191553115844,5.036197662353516,5.1777184009552,5.289453983306885,20.0,False,False,0.0,,hunt,alphaPer,8.388289128103372,12.620129,47.306859900436606,-96.03470950691886,20.37706365225234,-9.1612072956601,-20.251283839806792,-6.9258675438209325,0.0158508458864545,0.0321778148739611,0.006827629148276,0.269047836133193,0.4835892756289086,0.0997611303171523,80.0,121.34075102078408,144.12164551264672,172.6500176909365,0.0,0.0,1.0,0.0,1.0,2.0,0.3487297516692043,HSC_2468
HSC_2505,3805.0,,o,12.86165985930792,119,13.119597837215885,104.0,185.02099987361197,-64.09667215537051,299.5152333470161,-1.433119914990455,1.316187798107658,2.964369543079661,2.964369543079661,5.76126665586269,2.432090583700381,5.481577743472291,5.481577743472291,10.679984661247024,-37.78858308211007,0.8054736920784497,0.0789831937229546,-10.811008658086845,1.262788946603831,0.1238266438515809,9.352294989473515,0.1918763442210488,0.0188150235265379,105.83526380318014,105.85420529050776,105.87315355901872,118.0,False,-8069.847113625222,-92.0881790455318,18.019018451334546,11.7849798015751,8.19841758103633,1.095559632212212,56.0,0.9872695207595824,0.9973946809768676,0.9986781775951384,0.9999958276748656,0.9999958276748656,,6.632210731506348,6.8444929122924805,7.011369705200195,0.0555536746978759,0.2133811563253402,0.3165038228034973,0.0052134632132947,0.4689483493566513,0.743820309638977,4.98334264755249,5.097284555435181,5.208518981933594,20.0,False,False,0.0,,hunt,alphaPer,6.99025328540798,12.139054,52.13328537723143,-92.08813443959724,-2.647419289755028,-9.921347938247258,-19.641013589012093,-7.890055015911568,0.0186607367046534,0.0329622892163001,0.0009476248035227,0.4252780152866254,0.7201757069465197,0.045947890496763,41.0,69.27675133335809,87.53094671563333,100.73650457854194,0.0,0.0,1.0,0.0,1.0,2.0,0.3334959162790453,HSC_2505
HSC_2523,3819.0,,o,5.0749183321118325,21,5.570840942685238,18.0,187.5352254651987,-72.94015417683775,301.3472732040511,-10.13396631390579,0.6573785493469476,1.3417687239333098,1.693473446299356,3.2790149916123075,1.1654983385643995,2.3792174621480084,3.0031841005391007,5.819624660187656,-39.78975355165269,0.640917248678641,0.1510656442400306,-10.534327606502051,1.403679403340376,0.3308504082379557,9.84820931583054,0.1227843223175673,0.0289405423113822,101.54113162340572,101.57801111598566,101.61491740738327,20.0,False,-8070.000456040485,-85.39728753453909,2.794105363791079,11.551767879483428,6.538274045379164,2.0675837949761267,10.0,0.980317771434784,0.9960076212882996,0.9981091022491456,0.9999995231628418,0.9999995231628418,,6.44404935836792,6.843536853790283,7.042712211608887,0.5966449975967407,1.146848201751709,1.599665284156799,0.1144821494817733,0.9464788138866423,1.3473364114761353,4.912773132324219,5.043512582778931,5.149363517761231,20.0,False,False,0.0,,hunt,alphaPer,6.974881825118802,13.737019,52.01890562247506,-85.39726539853345,-17.87268481711056,-9.775394778203523,-19.849647690468714,-9.003762644158407,0.0377862855438806,0.0620321672746086,0.0129826332148539,1.0383023571305456,1.6629154055732314,0.3489004376864519,10.0,14.040205298074058,22.734595343166244,31.202157635516805,0.0,0.0,0.0,0.0,0.0,1.0,0.3332729182830578,HSC_2523
HSC_2630,3903.0,,o,8.23464606916416,29,8.234646069164159,29.0,210.5868933456198,-61.76821653631991,311.21334605128953,-0.0419249577171125,1.3027825436886629,0.7424047226533849,7.890003746846228,7.890003746846239,4.0959923567239525,2.3338738881649563,24.96013690259437,24.960136902594407,-20.272876706506075,1.6548161041353855,0.3072916360782519,-13.898743701419384,1.271228462913636,0.2360611993210414,5.528174777667534,0.1129129784006336,0.0209674137086838,179.96291559733163,180.10882187069348,180.25496492522177,28.0,False,-8003.306904816557,-135.48899890828747,20.3642803054963,9.493563440999688,13.628523809037857,3.126597791222843,19.0,0.8791903257369995,0.965123414993286,0.9808270335197448,0.9988614320755004,0.9998868107795716,,6.553244113922119,6.877101182937622,7.102766036987305,0.2490780055522918,0.7118431925773621,0.9264639616012572,0.6500864624977112,1.2799525260925293,1.8663169145584104,6.144412517547607,6.298908948898315,6.44551420211792,20.0,False,False,0.0,,hunt,alphaPer,7.535311027115747,9.598936,118.6673138698568,-135.48888871696758,-0.1317907554752935,-8.458802157876585,-19.98957478823075,-7.509287225765545,0.1924209425071978,0.2196973944717797,0.0002137008124236,2.3571801243212342,2.6117026969547266,0.103964146457603,13.0,24.555216012803168,33.28960470010363,47.54920910805036,0.0,0.0,0.0,0.0,0.0,1.0,0.328149295814004,HSC_2630
HSC_2636,3908.0,,o,20.22752109578071,284,20.890111680016748,270.0,204.88868629994263,-44.48223215315056,311.90397926697943,17.54965544545789,2.519160465032716,5.021718411900778,6.534361049844975,8.068377969719425,5.890127950148933,11.76400816730538,15.334890058219058,18.97838386373773,-25.971934439464093,1.9179301756434293,0.1167215134355279,-19.41158296029784,0.9551368330345462,0.0581277765507851,7.471976119031355,0.3256592819127461,0.0198189927516161,133.84530543587593,133.87871968250843,133.9121506153523,247.0,False,-8036.6166775523325,-95.00370110459964,60.95026869929193,3.848449577158242,36.779287314845945,3.444695865917129,114.0,0.9888134002685548,0.9989320039749146,0.9995744228363036,1.0,1.0,,6.746082305908203,6.993011236190796,7.218502521514893,0.092420756816864,0.3034202456474304,0.4534973204135895,0.0451167933642864,0.6010253727436066,0.8969777822494507,5.4565911293029785,5.5877203941345215,5.729095458984375,80.0,False,False,0.0,,hunt,alphaPer,9.84036564706666,7.6948547,85.25373216663789,-95.00356250576884,40.368748391537856,-7.220187228316706,-19.59434865251857,-6.057303053392804,0.042566892193335,0.0474349485986351,0.0201559757806677,0.649983660138374,0.6946178820359615,0.2983839715009506,70.0,180.17127622033692,209.7609591424496,238.9937865102164,0.0,1.0,1.0,1.0,2.0,4.0,0.3690195020512808,HSC_2636
HSC_2687,3951.0,,o,7.124105104825312,29,7.124105104825312,29.0,225.2085327103117,-54.44502859584993,321.10102412264195,3.797382373472857,0.606381778801795,0.5816032147610308,2.289847490100232,2.289847490100203,4.305128549088139,4.129195842093667,16.26528334705656,16.265283347056354,-7.636501620804625,0.348434052802238,0.0647025792675123,-8.730170533693805,0.2669508714469289,0.0495715323499961,2.432764328882149,0.0608508571383883,0.0112997204946764,405.9319137425133,406.7676424497783,407.6068194367257,25.0,False,-7806.032018384236,-254.86893099781648,46.93059022749102,-10.289711953607442,10.299542476431808,3.2570013083175606,10.0,0.5406908988952637,0.9135429263114928,0.9602880775928496,0.99936181306839,0.9996069669723512,,7.254077434539795,7.5662009716033936,7.768027305603027,0.1532315611839294,0.3338779062032699,0.4956509470939636,0.1500413715839386,0.6494630575180054,0.9236826300621032,7.847634315490723,7.998492479324341,8.177812576293945,20.0,False,False,1.0,m:m,hunt,m6,36.82993662998051,-7.7181371,315.8736683149152,-254.8685976004885,26.939535381845275,-17.258803691444967,-11.786320204421065,-8.792720218679566,1.3006408339810491,1.049446467339692,0.1109261811946282,2.320905405993669,1.9431962879934583,0.1518843393360082,5.0,43.104597207962144,59.93034101319762,102.07796534629692,0.0,0.0,2.0,0.0,0.0,2.0,0.6737744415388608,HSC_2687
HSC_2733,3994.0,,o,14.169489311184249,165,15.276284431953329,149.0,228.06467083395543,-44.52913812045419,327.7251794458598,11.458010813607956,1.6468600831049025,3.0763316783724504,4.359240482113531,12.1856949572612,4.145131253730748,7.748412508036607,10.99035987583066,31.13367678580399,-20.666605774963383,0.9931954950294916,0.0813657452843869,-21.892282062534917,0.6477843920336773,0.0530685651568008,6.848868517471593,0.2177382853627575,0.0178378153688254,144.12346629418218,144.1732182795729,144.22300462598582,144.0,False,-8002.431920050408,-75.45160523713946,49.133986787415225,2.663728050016936,34.79569578230422,4.56889869204646,58.0,0.9926791787147522,0.9984837770462036,0.9992530941963196,0.9999979734420776,0.9999979734420776,,6.72874927520752,6.978191137313843,7.181244850158691,0.0017248392105102,0.1368938833475113,0.2081877589225769,9.343749843537807e-05,0.3997863680124283,0.633807897567749,5.624114036560059,5.757837533950806,5.891283512115479,80.0,False,False,0.0,,hunt,alphaPer,9.51023256343103,5.7204375,119.46860344880731,-75.45145203912746,28.639972839865194,-4.451567860977752,-21.01050969355228,-4.051314143212108,0.0824820700551356,0.0520922800902923,0.0197732640874761,1.3896093937491911,0.9114185875256348,0.3585757336284246,37.0,100.09250948509076,115.78573037906833,137.90163219745426,0.0,0.0,1.0,0.0,1.0,2.0,0.3616635863858327,HSC_2733
HSC_2769,4019.0,,o,7.238049576768056,35,7.48898056603222,33.0,242.62889587497563,-47.29476429471536,334.1684153560302,3.1397917624410168,0.3487268716896724,0.749554625048008,0.749554625048008,0.9298873278509044,4.775607841410998,10.265165242856394,10.265165242856394,12.73521679973316,-0.4039154152262635,0.2404551029561646,0.0418578606851951,-5.772567550601049,0.3345518557933798,0.0582380028521402,1.240791411050033,0.0625398726436191,0.010886794433569,781.1687307806262,784.6220563443322,788.1060498294114,29.0,False,-7416.704518342478,-341.3687925039081,61.97002741989876,-12.727142422324418,26.506115479600336,7.351473728851445,13.0,0.0631521344184875,0.3364967703819275,0.5346652567386627,0.9856849908828736,0.9891422390937804,,7.00055742263794,7.280012369155884,7.485210418701172,1.0161092281341553,1.287397027015686,1.5205215215682983,1.1210163831710815,1.6922638416290283,2.11635971069336,9.30262851715088,9.436400413513184,9.609090805053713,20.0,False,False,0.0,,hunt,none,19.055149882274808,-19.49972,705.1614798989414,-341.36807343427347,42.97553965356667,-22.94238263945596,-7.847715163047092,-15.943294124474834,6.23475994259536,3.0182419922228405,0.3799727874839504,1.722053951184525,0.939876551243761,0.3101217444140012,6.0,73.90180434914139,100.6454986027352,146.2334561387218,0.0,1.0,1.0,0.0,1.0,2.0,1.0,HSC_2769
HSC_2816,4054.0,,o,11.352927296393734,76,12.001947740617352,69.0,240.13971036114552,-38.43871236693592,338.81049886096247,10.920684490350691,1.2097472560162754,2.827235572167944,2.827235572167944,5.005826186237808,2.9089347892865645,6.802827822595283,6.802827822595283,12.065839737135503,-17.656802207770447,0.5731690844365819,0.0690014491922871,-27.556415246311477,0.8160215881266893,0.0982374550230356,7.191602329096241,0.1610515927486006,0.0193883333838621,137.68824726911492,137.75184642797373,137.81550436777133,75.0,False,-7995.794549282418,-48.88937923837187,46.57413379515639,2.624343949869889,11.748627302239695,1.9314624307162784,37.0,0.9862479567527772,0.999272346496582,0.9997773170471193,1.0,1.0,,6.707618236541748,6.936131715774536,7.18437385559082,0.0407141745090484,0.2444374412298202,0.3703372478485107,7.490035204682499e-05,0.412125289440155,0.6670656204223633,5.498019218444824,5.6548826694488525,5.763918399810791,40.0,False,False,0.0,,hunt,alphaPer,8.63240317444668,2.1363182000000003,126.11247974755356,-48.88922359525958,26.09707766190774,-4.228591296715744,-20.771622506571447,-5.0546644821555855,0.1165044875491361,0.0451645543172531,0.0241088484313181,1.6752721446139849,0.6616594740247285,0.3575409411782255,27.0,45.099757566272594,57.52685775107952,78.67950385752285,0.0,0.0,1.0,0.0,0.0,1.0,0.3443741237649553,HSC_2816
HSC_2907,4125.0,,o,12.260224147467929,349,13.069983012912475,272.0,244.7726600514526,-24.450058659969685,351.8600779232296,18.121273827950095,1.2608023737030236,2.6965668756917283,3.2065965619554344,8.712366172930924,3.402113530304827,7.280541726638262,8.660236609999643,23.68826426298431,-10.678608484965403,0.8166238161317214,0.0495150919162656,-21.70195989993353,1.0924107320075953,0.066237129920965,6.361351558626313,0.2431977817459543,0.0147460315008011,154.53445104412455,154.5803583857018,154.62629301064848,303.0,False,-7976.417697296478,-20.80179842888826,68.50659968436051,-6.462980972433037,16.87404904547524,1.7786809444363971,90.0,0.3998394906520843,0.7823079228401184,0.8722677528858185,0.9920639991760254,0.9969542026519777,,6.716522693634033,6.990188360214233,7.175442218780518,0.2985394597053528,0.5505928695201874,0.7464487552642822,0.4864273965358734,1.0848960280418396,1.6221224069595337,5.742169380187988,5.904703378677368,6.029454231262207,20.0,False,False,0.0,,hunt,alphaPer,9.776611557357926,-3.346906,145.4331056769847,-20.80159252550608,48.07902578257789,-4.220481249363947,-17.015038168680704,-6.165096304843996,0.0864072419196304,0.0123590033321363,0.0285655456006068,0.6700177942936957,0.1283255127146998,0.207072691298604,105.0,225.3107652800533,255.4970266666775,295.7800312707373,0.0,1.0,1.0,1.0,2.0,4.0,0.3683064682151734,HSC_2907
HSC_2919,4137.0,,o,9.55792556901312,175,9.760992019100502,168.0,246.6016543650809,-24.08484550239463,353.31404046704523,17.124624615082308,0.6342835658098374,1.42518528254345,1.42518528254345,1.9849514002099795,1.5201293947944798,3.4161762386775414,3.4161762386775414,4.758861110668356,-6.93224524138905,0.8686083628253088,0.0670145900945166,-26.01842107362704,1.0058810818401434,0.0776054102957136,7.215306289785856,0.1336752003860895,0.0103132656132137,137.25791278980867,137.30994356527435,137.36201380262833,140.0,False,-7991.540219647391,-15.278071575197805,60.89732449300352,-19.33082764965985,101.3454625434136,12.570357548392872,65.0,0.5095590353012085,0.7777050733566284,0.8615242540836334,0.981360912322998,0.9939759969711304,,7.009059906005859,7.433577537536621,7.923028945922852,2.771018743515014,3.218607544898987,3.7421584129333496,1.8937393426895144,2.397957563400269,2.8876352310180664,5.508047580718994,5.640256404876709,5.755460262298584,80.0,False,False,0.0,,hunt,alphaPer,27.137981216688782,-6.7214095,130.33010377098134,-15.27789095438576,40.43106109082399,-5.847876464332243,-15.188823514233857,-9.61472067295514,0.0988092737580927,0.0115828750693864,0.0306526555881134,0.5158287699309544,0.0723334389524058,0.2024266512853487,56.0,293.65000420722515,359.35445784938736,455.4047030205313,1.0,3.0,5.0,2.0,4.0,6.0,0.7195761544824204,HSC_2919
HSC_2931,4146.0,,o,6.233566201811865,40,6.618537106923901,28.0,245.12747191123367,-21.67283134248753,354.2711012777156,19.73956285784244,0.7000512367608012,1.4187653192247254,1.4187653192247254,1.86944547065176,1.6209976111447515,3.285717922980002,3.285717922980002,4.330099643387748,-11.443863704318042,0.3166778022342394,0.0598464793175922,-25.056450926934897,0.2450573543294455,0.0463114868930821,7.447478971897778,0.0986859748503794,0.0186498962388627,132.57919126224215,132.66414675806033,132.74921120105236,39.0,False,-7997.614298697578,-12.464755201713936,65.28851606942305,-4.2340306292134855,12.963753220067444,3.055585937179544,18.0,0.9209872484207152,0.9878129959106444,0.9945690035820008,0.9999988079071044,0.9999988079071044,,6.514341354370117,6.798368692398071,6.980287075042725,0.1038631498813629,0.5093182325363159,0.720928966999054,0.0005164861795492,0.5151786208152771,0.8171588182449341,5.439456939697266,5.562638759613037,5.721156120300293,40.0,False,False,0.0,,hunt,alphaPer,6.285917725935578,-3.316487,124.24480268240164,-12.464573814370969,44.80668745936627,-3.2567665259754937,-16.62777438910514,-5.947271323079182,0.1592298617656808,0.0159743693304008,0.0574234293612221,1.2422610238446803,0.1422724409125453,0.4597432094254625,28.0,22.185781626969614,32.89713045723396,42.94091521180621,0.0,0.0,0.0,0.0,0.0,1.0,0.3257195255908992,HSC_2931
HSC_2986,4191.0,,o,24.28413658926956,222,24.28413658926956,222.0,285.3171099127668,-36.88340156838248,359.95388541352827,-17.710127683450487,2.9447965577298136,6.008001647297656,7.587076775048482,7.58707677504843,7.615735031648203,15.581159893724845,19.71956084740412,19.719560847403983,2.208632253690936,1.7473088126299796,0.1172716889925437,-27.55645541436647,0.7157374365319666,0.0480371514471792,6.693757183883136,0.1835465292145699,0.0123188364495876,148.00249172311254,148.04594485445938,148.08942350874338,203.0,False,-7981.059432876253,-0.1135729793832354,-24.596611174808523,-3.4721254843098683,23.6334786598286,2.3516190200563587,101.0,0.9685519933700562,0.9928876161575316,0.9959851503372192,0.9999927282333374,0.9999927282333374,,6.644990921020508,6.853175640106201,7.040894508361816,0.0213072299957275,0.1677026450634002,0.2718680799007416,0.1009216532111167,0.7205351293087006,1.0405560731887815,5.704619407653809,5.820027828216553,5.990367889404297,10.0,False,False,0.0,,hunt,alphaPer,7.131413849382049,-2.675017,141.02966505290678,-0.1135079432330741,-45.035791087326885,-4.366973865566874,-17.31042993541633,-8.299900143741327,0.0828118637226111,6.665125613380951e-05,0.0264447752376355,1.1720213559059856,0.0730409301827878,0.3445656118523447,53.0,143.01247399958046,172.09946382057154,206.3929962061461,0.0,0.0,1.0,0.0,1.0,3.0,0.3295717343470585,HSC_2986
Haffner_13,4249.0,"BH_5,ESO_429-10,Haffner_13,MWSC_1305,OCL_678,Theia_106",o,34.592608141817244,726,29.10044888545797,320.0,115.13906456092452,-30.01790270688481,244.9577330485604,-3.6820413101839606,0.3407209101667392,0.3672408009363137,1.183434146653061,6.050043120262045,3.285545426530331,3.541281436603422,11.413252666110507,58.557208902276216,-6.1722991544091546,0.2229477299278451,0.0124631569886981,5.909726576074687,0.1938900196930983,0.0108387816048135,1.7806575308560937,0.061036049167754,0.0034120188754279,552.0124047868701,552.4922647735809,552.9729597630817,258.0,False,-8355.443784427454,-499.5221400526144,-14.084065249227685,34.03491700481773,13.137646844738002,1.5272204243509806,74.0,0.9856674075126648,0.9958679676055908,0.997724860906601,0.9999731779098512,0.9999731779098512,,6.868633270263672,7.165202617645264,7.354553699493408,0.0001140927197411,0.1060135662555694,0.1695144772529602,0.0270352717489004,0.5175687968730927,0.7521860599517822,8.557215690612793,8.71066951751709,8.90900993347168,20.0,False,False,2.0,1:m,hunt,m6,14.628595041409222,32.577966,-233.3799026370887,-499.52240926061575,-35.48078812841216,-33.374678205967314,-20.483194900135512,-8.619505430162253,0.4057508876032898,0.8684623596334973,0.0616863796467157,0.3151023725625121,0.5807115186415057,0.0767744815057365,81.0,901.2095486978676,1019.3607964069446,1148.4924132087235,3.0,5.0,8.0,7.0,10.0,14.0,0.3149390897508575,Haffner_13
IC_1396,4282.0,"IC_1396,Trumpler_37",o,33.44954814350648,693,32.43826331210536,625.0,324.7530187080586,57.49387699670941,99.29882488855402,3.737315658622342,0.2122751613035813,0.1700939810368236,0.9280998253232796,0.92809982532327,3.355493695243755,2.6887194090032125,14.671953378372098,14.671953378371944,-2.336385628599621,0.3608799415006815,0.0144351976600272,-4.573346479779118,0.4093572756594888,0.0163742910263795,1.0783222260150265,0.0708200837825506,0.002832803351302,904.5003674849024,905.6864971237028,906.8757417438936,533.0,False,-8267.853803785096,891.8842050627778,80.20954249151157,-11.690433918782908,36.85708975525947,5.265298536465639,49.0,0.2962724864482879,0.6288069486618042,0.7420430481433868,0.9615162014961244,0.9699016213417052,,6.41564416885376,6.5527732372283936,6.617952346801758,1.474379062652588,1.7000337839126587,1.975366711616516,2.194544553756714,2.588490605354309,2.9815752506256104,9.622493743896484,9.768784523010254,9.927630424499512,40.0,False,False,2.0,m:m,hunt,none,3.5708634019918586,-19.154278,-146.03284902989614,891.8841559361301,59.0346547928487,25.10988823186494,-18.250006481830845,-9.699800223867726,0.3830052359777482,2.3391743972564427,0.1548321630373266,0.8649217711814517,3.203474710857363,0.5034753372523728,11.0,1092.537378421433,1251.6424108956085,1412.429233913097,0.0,1.0,2.0,10.0,13.0,17.0,1.0,IC_1396
IC_2391,4289.0,"IC_2391,Theia_114",o,26.06305626237835,376,22.90058815986969,264.0,130.26015115686354,-53.04169916057727,270.4153374925997,-6.783052546932779,0.7025614481283342,0.588403462464962,2.957147090874761,11.831417085576364,1.8417317532663409,1.5424488863471768,7.758523581200638,31.462422016801803,-24.79695243429092,0.9043315047140612,0.0556577566274186,23.26721700543584,0.7499288346258756,0.0461549291912462,6.621599117688082,0.1215943254819407,0.0074836134090991,150.1611527756428,150.19066013209547,150.22017908748964,236.0,False,-8120.937809280418,-149.13545516118614,3.058015139007765,13.458255238241684,11.575041958621256,1.220116553375321,90.0,0.9734506607055664,0.9943680763244628,0.9973925054073334,0.9999945759773254,0.9999945759773254,,7.159081935882568,7.436626195907593,7.677269458770752,8.330933269462548e-06,0.0909974724054336,0.1427415013313293,0.0169687271118164,0.4653766751289367,0.706343948841095,5.712608337402344,5.854358673095703,6.005725383758545,80.0,False,False,2.0,m:m,hunt,m6,27.32915450381889,14.334112,1.0811030398456722,-149.13548021167287,-17.739057166759906,-23.79112675069597,-13.906714782787065,-5.492867101899735,0.0004248834455751,0.0586116164257646,0.0069716127439178,0.0690336811019308,0.3631936290513443,0.0856165556695758,82.0,201.556668244567,234.36406888483103,272.66926303432115,0.0,2.0,3.0,1.0,2.0,4.0,0.5049468491451522,IC_2391
IC_2395,4290.0,"IC_2395,Theia_25,Theia_6786",o,99.0,745,35.31430983213354,545.0,130.62044189988853,-48.13421814589999,266.65113719047616,-3.607172006409491,0.2295456470845439,0.111409709607378,1.6471292093285248,2.1592175769431288,2.787207731069093,1.3527624586636486,20.00530991917299,26.23010456860317,-4.487216144849767,0.2079546095124368,0.0089077967721994,3.370771682057815,0.2352383533309248,0.0100765039515674,1.4035722077098556,0.0695804255166202,0.0029804979619273,695.0658868582638,695.6977282700097,696.3307194628537,470.0,False,-8162.644865601534,-693.1337059223989,-22.86719551842439,23.94829219523936,19.531290578094215,2.170143397566024,81.0,0.8501983880996704,0.9620811939239502,0.9781780242919922,0.9991769790649414,0.9997116327285768,,6.628157138824463,6.832616567611694,6.994478225708008,0.1606706082820892,0.305173248052597,0.4282564222812652,0.8300631046295166,1.4231032133102417,1.8444339036941528,9.007262229919434,9.191490173339844,9.330814361572266,80.0,False,False,3.0,m:m,hunt,cr135,6.801685824083633,21.473167,-40.55895469016608,-693.1338079431537,-43.770133661165545,-19.395845782868765,-21.78900438864411,-6.247166293846041,0.0737393356563131,1.2601711979283436,0.0795775088982679,0.2164810005055424,2.4000944489207603,0.2146268016664465,22.0,730.6622521516181,852.0310705175318,977.4444553575656,1.0,2.0,4.0,7.0,9.0,12.0,0.2471108008512205,IC_2395
IC_2602,4293.0,"BH_103,Collinder_229,ESO_93-2,IC_2602,MWSC_1840,Melotte_102,OCL_838",o,29.975685754097245,638,27.398278577671807,314.0,160.97308272131127,-64.3932362614137,289.6865911703458,-4.852795610884347,1.1219648424529796,1.2875760350195566,3.7400331529603217,13.298335054536228,2.9484718534808296,3.383827563018504,9.841360096588735,35.58422823535395,-17.77501877027141,0.9798488181715193,0.0552960678181844,10.669205957138267,0.9534114886201024,0.0538041229990491,6.600330949923677,0.1284133577376169,0.007246785020847,150.5230119342792,150.5514195661627,150.57983792259748,282.0,False,-8071.471068145597,-141.24349577672476,7.93443614801533,15.934692366640112,20.07405928674636,1.8100169703372968,123.0,0.9958747029304504,0.9992156624794006,0.999614417552948,1.0,1.0,,7.179764747619629,7.414541721343994,7.677102565765381,0.0007309468928724,0.1143417358398437,0.1850807964801788,0.0564821735024452,0.5600750148296356,0.8159682154655457,5.70692777633667,5.857033491134644,6.008366584777832,10.0,False,False,1.0,m:1,hunt,alphaPer,25.97417255356736,16.717052,50.535193533013455,-141.24346747605034,-12.736052893637629,-8.373713733376766,-20.892765771061867,-0.7103162919067026,0.0190746279619489,0.0533126798535477,0.0048072531965388,0.1279397385959752,0.3441397597347833,0.0726485891154905,118.0,395.5557822595328,454.6600819131908,512.2565618156317,2.0,3.0,5.0,3.0,5.0,7.0,0.688327167205035,IC_2602 / The_Southern_Pleiades
IC_4665,4299.0,"Collinder_349,IC_4665,MWSC_2689,Melotte_179,OCL_85,Theia_76",o,24.05401263934336,308,23.02587178273225,274.0,266.5324446170626,5.634742908486936,30.52270136788289,17.082926822937218,0.5105273768586757,0.3376892574450959,2.6635717123161995,3.954255722184623,3.0594179902067418,2.023627442105032,15.97297072493244,23.733584018533705,-0.8809097601089103,0.3030698404874359,0.0183091186460512,-8.53239299496248,0.3084211871450601,0.0186324053205452,2.866878628229638,0.1369157621622547,0.0082713836847357,343.1060505862951,343.3451513748001,343.58458564069093,192.0,False,-7838.997929031121,166.68416972477638,120.93582045803124,-17.294603995080127,20.15395081976677,2.4621969732352085,67.0,0.9216309785842896,0.9792711734771729,0.9868712723255156,0.998836100101471,0.9995938539505004,,7.262871742248535,7.51450777053833,7.723068714141846,0.3361951112747192,0.5589194595813751,0.73630690574646,0.4018951058387756,0.9777954816818236,1.3174941539764404,7.452489852905273,7.6336658000946045,7.776249408721924,80.0,False,False,2.0,1:m,hunt,alphaPer,32.69698970338678,-14.187000274658203,282.7180560765082,166.68458085812375,100.8595272894745,-3.697278846848448,-17.619582326424435,-9.056435924175489,0.3940364376824732,0.2323155420966429,0.140572305112073,0.6923679440744556,0.4159679992568011,0.2464606267179357,54.0,275.5588837784371,325.8152605881384,420.5288138251286,2.0,3.0,4.0,2.0,3.0,5.0,0.3960823120361233,IC_4665
LISC-III_3668,4379.0,"LISC-III_3323,LISC-III_3668",o,25.98585099704072,356,26.028714622968625,344.0,120.11186830866863,-44.1892034955972,259.2613288210386,-7.386870991660773,1.5373304750291013,2.767275514888494,4.120593032724397,5.400745800329326,15.394797491601125,27.726355283468845,41.324907077634194,54.23069444047342,-6.250938158024443,0.3229074053543863,0.0174100005036451,7.334533896704586,0.3123450801850515,0.0168405180964022,1.7023875442557208,0.0792127311653499,0.004270864237289,573.2324859445763,573.6211272262508,574.010295849005,282.0,False,-8228.157943675242,-558.8979316968337,-52.67880670791397,25.37079143074923,9.899601146674549,0.9191548913748304,116.0,0.3232991695404053,0.8054461479187012,0.9082343578338624,0.9980955123901368,0.9980955123901368,,7.219591617584228,7.458211421966553,7.685951232910156,0.0324886441230773,0.1649845838546753,0.2391620576381683,0.6321154236793518,1.0611154437065125,1.5067336559295654,8.558274269104004,8.75893783569336,8.930091857910156,20.0,False,False,2.0,1:m,hunt,m6,28.721784672415687,26.411459,-105.99563979477205,-558.8981386220695,-73.74952602964512,-30.50359050926059,-20.56207541427742,-7.526861510099049,0.14372632831234,0.7578460540480592,0.1000017416899652,0.2291347703278436,0.8688859906691245,0.1428440941852628,59.0,709.1311502381242,800.5788997668803,962.7950336895026,4.0,6.0,10.0,5.0,9.0,13.0,0.5971765035416479,LISC-III_3668
Mamajek_1,4414.0,"MWSC_1535,Mamajek_1,Theia_63,eta_Chamaeleontis",o,6.601590988500058,19,6.601590988500058,19.0,130.5642101154803,-78.97287955963624,292.43642267427714,-21.61831773998971,0.2286455570738974,0.0688922180355214,2.7849242093025595,2.7849242093025666,0.3920194825452298,0.1181171489330158,4.778572314199062,4.778572314199074,-30.18624931944264,1.425026495627323,0.3269234992793371,26.755568229269787,1.2013402808820055,0.275606362166812,10.178154292619627,0.1678930909597805,0.038517316674335,98.19591285787332,98.23476516680236,98.27364823260004,18.0,False,-8087.211346122783,-84.4118289125746,-15.4810445351877,16.387844922184453,2.3516991001357384,0.6522439761539944,13.0,0.9849901795387268,0.9976011514663696,0.9987805783748628,0.999999225139618,0.999999225139618,,6.472618103027344,6.649211168289185,6.761658668518066,0.1439055800437927,0.344095304608345,0.4757157862186432,7.389107850030996e-06,0.3418813794851303,0.6194956302642822,4.871761322021484,4.9762282371521,5.094357013702393,10.0,False,False,3.0,1:m,hunt,alphaPer,4.458729938421007,15.998084,34.85484650558828,-84.41184965065263,-36.1918278207153,-11.84677748238686,-18.946892129972905,-10.59626241937165,0.0275814224175476,0.0667969913994142,0.0286394057430854,0.2618391767555639,0.6585381040777564,0.3239496169601026,11.0,10.978135660812695,15.498827955504073,24.59234700645105,0.0,0.0,0.0,0.0,0.0,0.0,0.3146676422137442,ETAC / Mamajek_1
Mamajek_3,4416.0,Mamajek_3,o,9.55551954269296,33,9.55551954269296,33.0,81.5519166683823,6.736439390598479,196.72348701708037,-15.526143579387488,1.856192347236644,3.015648486477597,5.170911069886335,5.170911069886337,3.2518322440202514,5.286097752000847,9.080329313769209,9.08032931376921,9.714212945764851,1.613869015106195,0.2809385351692171,-32.73583171294286,1.850387437615145,0.3221111077499145,10.05161193052217,0.5301229121374185,0.0922825539132901,100.28439226175256,100.34039662149536,100.3964635680636,29.0,False,-8214.63158356739,-27.819506632178964,-5.821889204173409,16.10794952332424,3.330332824746317,0.890068886723413,14.0,0.9688400030136108,0.9962960481643676,0.9985127449035645,0.9999996423721312,0.9999996423721312,,7.01712703704834,7.2217607498168945,7.457961559295654,1.1496020306367429e-05,0.1043428629636764,0.1661463677883148,3.133940936095314e-06,0.3136949688196182,0.5241445302963257,4.89528226852417,5.016464710235596,5.133987903594971,20.0,False,False,1.0,m:m,hunt,alphaPer,16.663289891684034,16.922766,-92.58974895442006,-27.81963221137504,-26.858921168585294,-11.05729185571467,-19.319919310810093,-8.542274479340332,0.1034145216255808,0.0310720569979778,0.0299990281364301,0.8393022117828088,0.3086666456228313,0.252196929441125,11.0,11.80874214241006,14.715961785623003,24.95983926914296,0.0,0.0,0.0,0.0,0.0,0.0,0.481745198784569,Mamajek_3
Melotte_20,4422.0,Melotte_20,o,99.0,938,34.594159096228545,616.0,51.33193840226826,49.11865852760421,147.11987573681662,-6.389303187635723,1.3897946203007367,1.2424844305318052,5.543893392133707,11.417001528001668,4.211295649002407,3.7647744027176047,16.848183889236587,35.053702882272454,22.918178378856467,0.9218788810093358,0.0371435586183671,-25.4625626479708,0.94762534363941,0.0381809131598539,5.740940859051633,0.1547002945616662,0.006233052494964,173.54511272997465,173.58114537154438,173.61719297891602,522.0,False,-8266.891671956655,93.64912688101433,1.8542960800900232,-0.8688221969120058,18.56160300041682,1.251423018997832,220.0,0.9711384773254396,0.994838535785675,0.9971924424171448,0.9999949932098388,0.9999949932098388,,7.477336883544922,7.745104551315308,7.971729278564453,0.068338930606842,0.2423308342695236,0.3539377152919769,0.1548693478107452,0.61014723777771,0.9446064233779908,6.051239967346191,6.184936046600342,6.357655048370361,20.0,False,False,1.0,m:m,hunt,alphaPer,55.60381008262949,-0.56654868,-144.86942645910108,93.6489637494545,-19.316699887963715,-13.758495280970198,-23.93405667373832,-6.70154332479081,0.0601575954624422,0.0388880981613368,0.0080213351148756,0.3478384570158893,0.1959159905290237,0.0567414161565927,221.0,729.0870510816779,813.6515737092099,871.3877361568791,6.0,8.0,11.0,6.0,8.0,11.0,0.9006160723668899,Alpha_Per / Melotte_20
Melotte_186,4431.0,"Bull_of_Poniatowski,Collinder_359,MWSC_2773,Melotte_186,OCL_84",o,25.68265175969108,339,20.577665009935057,230.0,270.31773741963855,3.1926356910263087,30.0363210806156,12.612541099411626,0.7444416444986095,0.5471409195163164,3.515836443459049,3.835068397513611,7.02743249319832,5.164805609214306,33.22888926491328,36.25466999104843,0.6057209345872587,0.1576762753222607,0.0103968657065276,-8.81832198947619,0.2068724708246591,0.0136407667744919,1.812300085697213,0.0544129352045696,0.0035878826974043,540.2352793970525,540.8342853771958,541.4346211721861,185.0,False,-7664.765890050127,264.18080192108806,137.7254119492745,-9.434915464329933,39.31948408698265,4.876981772913498,65.0,0.970191240310669,0.9929243922233582,0.9961234033107758,0.9999361038208008,0.999936580657959,,6.9499921798706055,7.155337810516357,7.374634742736816,0.234402060508728,0.409266710281372,0.5619325041770935,0.1659218817949295,0.6657699942588806,0.9598515629768372,8.440206527709961,8.609838962554932,8.762733459472656,10.0,False,False,1.0,m:1,hunt,none,14.300058381320373,-7.637047,456.9064604587641,264.18140040179804,118.09486996584754,6.257074201120143,-19.345967678231453,-13.23620897168858,1.0132253449398831,0.5858426477053058,0.2618844899602237,0.9742304406964636,0.5720576690144433,0.2835959642007252,31.0,529.0885220885564,647.5720862228244,762.8810572799104,2.0,4.0,5.0,5.0,7.0,10.0,0.9817405735022215,Melotte_186
NGC_1502,4475.0,"NGC_1502,Theia_1701",o,27.61278370937587,383,27.32515207304548,373.0,61.96097670203945,62.32567277728561,143.67735489270277,7.654007468268305,0.1103911627600008,0.0440925173776708,0.9797108157195054,0.979710815719518,1.972672533115773,0.7879254581205988,17.508961367982124,17.508961367982355,-0.6518621152597258,0.1965477760201439,0.0101768580795459,-0.8963864135886085,0.1785000505975436,0.0092423822792926,0.925784659597315,0.0817333964271075,0.0042319948495,1022.3865626589068,1023.8652064844216,1025.3481335318063,314.0,False,-8939.193684220829,601.0649738257231,159.26230525383943,-10.180017119721764,21.10316117751654,3.3367027575296597,40.0,0.8982707262039185,0.9544227123260498,0.9674815535545348,0.992716908454895,0.9978089332580566,,6.471144199371338,6.59329628944397,6.676559925079346,1.886072278022766,2.0985357761383057,2.301566362380981,1.6061969995498655,2.0321866273880005,2.426913022994995,9.891974449157717,10.013845443725586,10.17618465423584,80.0,False,False,2.0,1:m,hunt,none,3.920092270045899,-8.503487,-817.572596601492,601.0644136205236,136.36928178551267,9.38699888662515,-7.75026501688132,-6.395262238933157,2.3648612856859472,1.7386027465735197,0.3944535768345076,3.567434272708782,2.5826945791943663,0.7763214731763808,10.0,1103.166805611894,1193.2526383174927,1326.6305733878116,0.0,1.0,2.0,10.0,13.0,16.0,1.0,NGC_1502
NGC_1980,4503.0,"NGC_1980,UBC_208",o,23.02875319027917,364,23.26391640851663,362.0,83.80061649426017,-5.921250530918782,209.5055015094475,-19.63977821572304,0.3188920194326845,0.305052329465403,1.2066046962150847,1.4912294710291325,2.105431648517191,2.014055625785705,7.967502923998426,9.847717205420564,1.2645097491025188,0.1765485897676471,0.009279187867657,0.4722679404367138,0.2683367305236949,0.0141034654403028,2.600226402681965,0.0418275905445614,0.0021984093513588,378.02842518111385,378.28197177289127,378.53585870426167,293.0,False,-8432.367211337867,-175.4675841561211,-105.54887388138884,23.23984154691263,27.43087885644371,2.8444496318134296,93.0,0.5377104878425598,0.8272751569747925,0.8954850137233734,0.9936184287071228,0.9948212504386902,,6.633863925933838,6.841184616088867,6.993131637573242,0.2886495888233185,0.5096164643764496,0.6816638708114624,1.3297088146209717,1.9129043817520144,2.322138547897339,7.671487808227539,7.83806848526001,7.982664108276367,10.0,False,False,2.0,1:m,hunt,none,6.93720640004065,26.79742,-310.069273535801,-175.4680593375869,-127.14265975536304,-22.49464578407996,-12.977958595272144,-6.680576841528054,0.4159319122525176,0.2353756779163802,0.1705512094052039,0.1405219918477326,0.0811927417862826,0.064698378444104,155.0,446.87431109995657,484.0775489933767,566.9399269115532,0.0,1.0,2.0,3.0,5.0,8.0,0.2789950799173503,NGC_1980
NGC_2232,4524.0,"Collinder_93,Escorial_8,MWSC_871,NGC_2232,OCL_545",o,25.952159025945303,286,25.952159025945303,286.0,96.9775449666777,-4.771700776532344,214.51912227813423,-7.401419979904842,0.5249877067570722,0.2997841152277369,3.1726221531532928,3.1726221531532937,2.9141713581519006,1.6640500228056765,17.628539626786605,17.62853962678661,-4.71676548514433,0.2683136871379016,0.0158657209218177,-1.7699335393535591,0.2835310681475229,0.0167655435243655,3.11955471177168,0.0947857455737773,0.0056047986320841,317.8118503817841,318.0361077183371,318.2606817634399,244.0,False,-8381.935954452623,-178.7231577601323,-19.50448314362545,22.76681510697833,10.087977372835493,1.2609971716044364,64.0,0.984406054019928,0.995976448059082,0.9977363646030426,0.9999862313270568,0.9999862313270568,,6.882543087005615,7.123059272766113,7.352166652679443,0.0028584599494934,0.1349270492792129,0.2114755511283874,0.1335283070802688,0.574172705411911,0.8908228874206543,7.330395698547363,7.499740123748779,7.641883373260498,80.0,False,False,1.0,1:1,hunt,none,13.275756336686223,24.72715870599365,-259.85841065790504,-178.723459660142,-40.96946655848507,-19.59583381443918,-12.7407366678544,-10.542431381453529,0.3667275716811673,0.2522251259740926,0.0578185364330749,1.1245518974988504,0.4923523295758587,0.1800613983618759,37.0,212.5245287254995,252.45587465950052,306.1420107352503,0.0,1.0,2.0,1.0,3.0,4.0,0.2101859885987441,NGC_2232
NGC_2264,4532.0,"NGC_2264,Theia_41",o,21.97287841626623,224,21.97287841626623,224.0,100.22706966235263,9.875436550533548,202.9466021056008,2.1740117901252174,0.1203222998788004,0.1034434201503114,0.4955422695448438,0.4955422695448505,1.4708177443155483,1.2644901210670634,6.057642400867502,6.057642400867583,-1.617155506856586,0.1365112140995604,0.0091210391538053,-3.644508838715841,0.1756617162687741,0.0117368921116151,1.3922087714079063,0.054556887225112,0.0036452353586648,699.1926463372901,700.3816032885289,701.5746107015444,211.0,False,-8766.398710247342,-272.8628286099833,49.01777520091998,21.127347728662237,46.10497782081301,7.684162970135502,36.0,0.1956081688404083,0.4851429760456085,0.6694495379924774,0.9450728893280028,0.9806886911392212,,6.553479671478272,6.694727897644043,6.820991039276123,0.4155650436878204,0.6474920511245728,0.8239943981170654,1.5003498792648315,1.8974734544754028,2.404956579208374,9.009511947631836,9.163004875183104,9.306970596313477,80.0,False,False,2.0,m:m,hunt,none,4.951398692470201,20.84055,-644.4952032488071,-272.8633890987799,26.568667708722657,-16.956461566686006,-16.763330108310786,-9.714116511068772,2.19189738831426,0.927995347238152,0.0903587692633891,0.8273736807800367,0.4074450630104632,0.1626494269707913,13.0,471.276968907231,530.2165709849303,614.3409842748141,0.0,1.0,2.0,3.0,6.0,7.0,1.0,NGC_2264
NGC_2547,4590.0,NGC_2547,o,32.394408403022084,675,31.76669626786659,424.0,122.5334752952662,-49.19467220320608,264.44605790315705,-8.588910971255785,0.3188901012867031,0.1949889252060634,1.7977442499360836,7.941134589336793,2.128242081104497,1.3013290516181562,12.001788346464496,53.33981149089085,-8.567800799044482,0.2604224456358824,0.0126472319843317,4.330555810528607,0.262082396125168,0.0127278463064545,2.574284596990541,0.064146141962693,0.0031152120406562,382.2029819922326,382.3826121843735,382.5624113033916,371.0,False,-8158.71280462571,-376.3192338075997,-36.21324430218085,9.707145249597309,17.465868096864856,1.7126692739952227,104.0,0.985339879989624,0.9962409734725952,0.997991144657135,0.9999914169311525,0.9999914169311525,,7.096080780029297,7.336620569229126,7.614598274230957,0.000131687746034,0.1199768781661987,0.1892942190170288,0.0904793888330459,0.5665435791015625,0.8657708168029785,7.709137439727783,7.881856679916382,8.03930950164795,80.0,False,False,1.0,1:1,hunt,cr135,21.70803780440731,11.863476,-36.59304189477092,-376.3193517278603,-57.10653991405371,-15.976711040220016,-8.767611225240932,-10.786377166735804,0.0343964694584713,0.3537300103545249,0.0536786026611793,0.0787495396310813,0.4656308216891611,0.0811633860659375,98.0,668.5689501762431,742.8223962310107,835.1102638811637,3.0,4.0,7.0,5.0,8.0,10.0,0.560227132743541,NGC_2547
NGC_3228,4618.0,"BH_93,Collinder_218,ESO_214-1,MWSC_1794,NGC_3228,OCL_800,Theia_102",o,21.379637824082145,200,16.438302345856297,102.0,155.2778299642991,-51.84506452776091,280.7275323477892,4.425860357579475,0.2875595009401179,0.2003858238535694,1.427292215985288,2.478026441150204,2.394637142694974,1.6686955658794471,11.888062827567198,20.64834220926432,-14.85550469161216,0.2114382654902161,0.0209355079066387,-0.5946122071551412,0.195728735760361,0.0193800326803052,2.0727029899846734,0.0413148922513712,0.0040907839051041,476.6269553978236,477.1236884693756,477.6214579957997,87.0,False,-8033.333470401136,-467.3874494997106,57.3917345218611,11.607249546921244,10.629431268813985,1.6806606520832847,40.0,0.8676223158836365,0.9787329435348512,0.9896386861801147,0.9998733997344972,0.9999182224273682,,7.2610015869140625,7.4821457862854,7.749536037445068,2.20524913885356e-08,0.1022078841924667,0.1680076420307159,0.0708919614553451,0.519048273563385,0.7721986174583435,8.18465805053711,8.358150959014893,8.509011268615723,10.0,False,False,2.0,1:m,hunt,m6,30.349097879057098,12.933267,88.54638307622926,-467.3873130523658,36.81917625951411,-24.64296285061266,-20.01456989734116,-18.521494938205485,0.1845634793216248,0.974208383119162,0.0767448092190079,0.265551865795168,1.1532521131323457,0.1473942999307065,48.0,203.3859632205132,270.2660363403272,362.83842054330944,1.0,2.0,4.0,1.0,3.0,4.0,0.59151488164719,NGC_3228
NGC_6178,4694.0,"Collinder_308,ESO_276-6,MWSC_2428,NGC_6178,OCL_980",o,19.009011182775623,211,19.009011182775627,211.0,248.9293595860649,-45.6505432232291,338.3916874820589,1.2143343250265983,0.3188483836195166,0.3235120291185465,1.1551197875323629,1.155119787532379,4.88787631251171,4.959370491396096,17.70995157290189,17.70995157290214,0.5109441573390429,0.2309025944929177,0.0158959901563272,-3.270157776794155,0.1878586839833524,0.0129327251516506,1.0953726640816783,0.0722102024118114,0.0049711553447259,876.4005379191209,878.322760573522,880.2534338432642,185.0,False,-7305.515165143132,-323.3787931884352,37.32373781402412,-7.492673286049732,21.618750274399368,3.707585084608716,34.0,0.9621180295944214,0.9886250495910645,0.9931616485118866,0.9995955228805542,0.9995955228805542,,6.6999335289001465,6.894150733947754,7.0494303703308105,0.5508566498756409,0.7860389351844788,0.9963960647583008,1.3490363359451294,1.8020971417427063,2.269548892974853,9.522513389587402,9.686461448669434,9.859844207763672,80.0,False,False,1.0,1:1,hunt,none,7.837016009495247,-7.088278,816.4135346858758,-323.37800641484984,18.613895088437744,-9.938886126787205,-5.607620017320379,-11.227011691875155,3.581321720676897,1.4185466423069215,0.0816526722726962,1.6064346342691995,0.6873778103467839,0.3710495435993496,6.0,518.0978556532722,582.6457732005529,679.1030442079439,0.0,1.0,3.0,4.0,6.0,8.0,0.9997283820068036,NGC_6178
NGC_6405,4743.0,"NGC_6405,Theia_122",o,99.0,974,29.229238344777023,533.0,265.0672501993848,-32.228060850537794,356.59448098178405,-0.7517697426523036,0.2467024563691816,0.1815133639492001,1.163908716753011,5.167427509367267,1.9456594286773263,1.4315308901351067,9.180563323919062,40.8643705407524,-1.3683934118477952,0.2708502196299844,0.0117318253094393,-5.847111127763077,0.2359261032949395,0.0102190939094463,2.176915226900103,0.0645955732700461,0.0027979448656255,451.5952004521687,451.86978010321343,452.14469385813607,481.0,False,-7670.957042248851,-26.840307965503968,13.716805909449228,-10.52715734182248,18.518865264658302,1.2629761283913337,215.0,0.9670412540435792,0.9925665259361268,0.9959191381931304,0.999919593334198,0.9999728202819824,,7.478499889373779,7.719472408294678,7.958672046661377,0.1706107556819915,0.3749828189611435,0.5063187479972839,0.3517633378505707,0.8407742381095886,1.1805747747421265,8.032953262329102,8.201346397399902,8.36161994934082,20.0,False,False,2.0,1:m,hunt,m6,52.41702982324768,-10.648381,451.033001044628,-26.839897120130782,-5.928748753635276,-11.503533090011256,-11.70112314747908,-4.241600411165298,0.5484758460526109,0.0326384881967669,0.0072096176580487,0.4423257284710712,0.0654684417662,0.0610871990146311,185.0,1740.5017335858286,1825.6843325685595,2060.73856225958,16.0,19.0,22.0,16.0,19.0,22.0,0.656269130970277,Messier_6 / NGC_6405
NGC_7039,4838.0,"Collinder_431,MWSC_3474,NGC_7039,OCL_203,Theia_26",o,17.35886964212616,170,17.941128263371997,163.0,317.6527004561875,45.58245926325967,87.83165186191313,-1.704174672511205,0.1376201092377121,0.0963265353143939,0.6800159506245191,1.082599918244133,1.7836606551313603,1.2484634949173723,8.813917707871049,14.032956439768077,-0.2397296904050292,0.1521241706618525,0.0119152846366647,-2.626347373903204,0.1825221931041375,0.0142962415103535,1.3179900038422518,0.0512759414321798,0.0040162416959725,741.3400427542603,742.595189446327,743.8545934694838,143.0,False,-8093.945048045328,741.7352579898599,-1.3548150368832594,-7.442410364956003,15.137426535620854,2.9686935881041525,26.0,0.9424817562103271,0.983960509300232,0.9907052516937256,0.9995640516281128,0.9998653531074524,,6.653155326843262,6.824951171875,7.014259338378906,0.1025150716304779,0.2633140832185745,0.3623455762863159,0.5514324307441711,1.0931365489959717,1.5299588441848757,9.149616241455078,9.321741580963137,9.498709678649902,20.0,False,False,2.0,m:m,hunt,none,6.682687792759481,-9.62777,28.084241866505465,741.7352516770336,-22.0840930811583,6.950033574627744,-10.040645500185484,-5.458524751347436,0.0950979099724236,2.5116388230330813,0.0747804090862302,0.1932239648904586,1.7467064164053885,0.1479826113987621,10.0,219.4881445716292,266.1368879232628,351.2679794617506,0.0,0.0,1.0,1.0,3.0,5.0,1.0,NGC_7039
NGC_7058,4840.0,"MWSC_3501,NGC_7058,Theia_1641",o,28.07773379429962,424,22.649613777583752,237.0,320.40859279443697,50.83012286621693,92.87902616177848,0.6259581048407998,0.3206396659244656,0.2309509703213486,1.542520549857043,6.575614209890415,2.030379868295258,1.4624386655979598,9.769929255932375,41.82196748660056,7.428777067449874,0.2537300575311305,0.0164815383349074,2.804927838307256,0.2696449619473379,0.0175153224666906,2.7368933170630294,0.0638640237294274,0.0041484141278329,362.6108055317005,362.8090819846496,363.0075753923044,192.0,False,-8140.184671776655,362.3295350525841,24.810778663310774,-20.46839074623504,25.032793477952307,3.205120772921561,61.0,0.7426655292510986,0.9548287391662598,0.9749945402145386,0.9996784329414368,0.9996784329414368,,7.537169456481934,7.843420743942261,8.088750839233398,9.3792041298002e-05,0.1258846819400787,0.2019417881965637,0.1925587952136993,0.6839061677455902,1.028400421142578,7.557037353515625,7.755092620849609,7.897727012634277,80.0,False,False,2.0,1:m,hunt,none,69.73017320148297,-19.264194,-18.221848688546885,362.3295239249916,3.963621223667303,-11.591333237941027,-19.968077547384183,-6.034523777563983,0.019927506567825,0.3962454134664313,0.004334636365229,0.0616837622863787,0.7454512707294563,0.0677656710657994,69.0,449.8680243374456,522.2143008638188,582.4208824676078,3.0,5.0,7.0,3.0,5.0,7.0,0.6947262773038736,NGC_7058
NGC_2451A,4872.0,"BH_9,Collinder_161,ESO_311-8,Escorial_24,HIP_37742_Group,MWSC_1308,MWSC_1322,NGC_2451,NGC_2451A,NGC_2451B,OCL_716,Platais_7",o,31.70335065512941,407,27.23533578365169,307.0,115.9706716674843,-38.24075458617026,252.5007195874805,-7.104195107061651,0.948218860839107,1.4764381317159068,2.688841706947947,5.275241284479495,3.1460766674307923,4.899282205793031,8.926994811287114,17.55064112129981,-20.98716191192072,0.7145819513600349,0.0407833461096646,15.327214404849324,0.5584238562373727,0.0318709328740766,5.19569847830011,0.106695499873281,0.0060894338170644,190.03452468383892,190.08318176077643,190.1318637607376,267.0,False,-8178.751557109156,-179.89442757678216,-2.563388953279613,25.246546362034472,31.906924794772337,3.440612185013851,86.0,0.9346784353256226,0.9859877228736876,0.9921672642230988,0.9998867511749268,0.9999006986618042,,7.119625568389893,7.41600227355957,7.688241958618164,1.4003172536455888e-12,0.0436779856681823,0.093954712152481,0.0277167670428752,0.4497754871845245,0.6714057326316833,6.238842487335205,6.442574501037598,6.58189582824707,20.0,False,False,2.0,m:m,hunt,m6,26.06167193416212,23.417883,-56.71803874022854,-179.8945148666772,-23.508372777483608,-27.01866773652804,-14.275772745326709,-12.76658526506306,0.0290445555642335,0.0921215956827836,0.0120383259810559,0.2049673166121273,0.5666936575399255,0.0885361920091207,59.0,245.6835164101496,286.5103101288189,320.0873223990064,1.0,2.0,4.0,1.0,3.0,4.0,0.5166021199463069,NGC_2451A
NGC_2451B,4873.0,"BH_9,Collinder_161,ESO_311-8,Escorial_24,HIP_37742_Group,MWSC_1308,MWSC_1322,NGC_2451,NGC_2451A,NGC_2451B,OCL_716,Platais_7",o,28.61356366323221,615,28.629996948867102,549.0,116.1761222798116,-37.94207386673215,252.3175663636077,-6.817310116781048,0.7721465009862948,0.4797839005657956,4.284071641697484,5.62025337826857,4.953385533881643,3.0777401709947028,27.532348219662996,36.16829972931557,-9.400296220233209,0.5928772840389889,0.0253033858771471,4.7444095457991935,0.2981183791269953,0.0127233823713575,2.6757850812535846,0.1724885285919331,0.0073616310083757,367.38627075545816,367.5350512593281,367.6839523153689,446.0,False,-8232.931149468544,-347.6947466782595,-22.544519277825,12.84248303511242,13.308026727740517,1.1583150490804226,132.0,0.744172990322113,0.9523643255233764,0.9742449223995208,0.9990357160568236,0.9997677206993104,,7.226033210754394,7.440184831619263,7.672418117523193,0.0229761600494384,0.1814599484205246,0.2709758281707763,0.3664709627628326,0.8533775210380554,1.2634234428405762,7.639950752258301,7.784816980361938,7.967133522033691,80.0,False,False,2.0,m:m,hunt,cr135,27.55401126463538,15.008157,-110.8461555540645,-347.69491387113123,-43.62786461915886,-18.7937529149518,-8.417223401643337,-12.002277823651928,0.0897788017289542,0.2816122271320296,0.0353359788431077,0.1581412433416997,0.4462973806321585,0.0759806265084363,106.0,596.4421461178799,669.9858282647738,761.6101159327256,3.0,6.0,7.0,4.0,7.0,9.0,0.6484911352039785,NGC_2451B
OC_0185,4942.0,"CWNU_1115,OC_0185",o,21.19544941521537,356,21.19544941521537,356.0,332.74135849772006,63.39593762388576,106.06786453460111,5.9074606224935,1.2516616165903194,2.6382342050661696,2.6382342050661696,2.638234205066182,19.85699625363597,41.87723102331961,41.87723102331961,41.87723102331981,-1.300997100529242,0.4099520948168583,0.0217274175705018,-2.486078375806637,0.3459594101532237,0.0183358120665333,1.0768042283417802,0.0547425851632852,0.0029013512109575,907.7461120250564,908.8247757277588,909.906006006301,311.0,False,-8371.93714517531,868.6833751975117,114.97948711692732,-20.22806788273341,23.746249767074385,3.2314552907786744,54.0,0.6871354579925537,0.908826470375061,0.9420203864574432,0.993221879005432,0.9988466501235962,,6.638137340545654,6.809116840362549,6.941546440124512,0.809501588344574,1.119360268115997,1.3240337371826172,1.8709903955459597,2.274066209793091,2.6657357215881348,9.625774383544922,9.774835109710692,9.94949436187744,-1.0,True,False,2.0,1:m,hunt,none,6.44342592828835,-20.50933,-250.2048220761095,868.6832798495929,93.53811680928396,17.694150832537044,-15.393309607567229,-7.736657660605213,0.5946315546335939,2.064494540493115,0.2223007348710552,0.766052003576098,2.562749881131326,0.4468785051684624,7.0,772.5947071946077,899.7104719737409,1022.1888139725834,0.0,1.0,3.0,6.0,9.0,13.0,1.0,OC_0185
OC_0279,4963.0,"OC_0279,Theia_17,Theia_21",o,15.451559557881817,146,15.45155955788182,146.0,58.54704721543021,31.923037295375128,162.2710919507961,-16.653023478299268,1.1601843877207525,2.260164597459149,3.030300291614254,3.030300291614268,5.683805101222708,11.076899484774774,14.857429169177497,14.857429169177562,6.300104263669474,0.3649854232730168,0.0302064085554776,-9.797288586414874,0.3635929270011475,0.030091164744032,3.527025639468376,0.089708901931255,0.0074243615498359,280.4230224361739,280.6567102196043,280.8907878107352,121.0,False,-8378.293742021451,81.87962169286351,-58.97331284108777,11.44797128572729,14.376404582278132,2.24521718604697,41.0,0.9773261547088624,0.994218647480011,0.9966992735862732,0.999974012374878,0.999974012374878,,6.972921371459961,7.229924440383911,7.421380519866943,0.4524796903133392,0.6640745997428894,0.8884396553039551,0.2048253864049911,0.758548229932785,1.0741719007492063,7.048007965087891,7.216213464736938,7.377912044525146,20.0,False,False,3.0,m:m,hunt,none,16.97948213579134,14.2589805,-256.115431539037,81.87926531475199,-80.42922746352937,-17.6323209258258,-10.615861425624864,-8.605701420071451,0.4268628769683573,0.1364666648404124,0.1340499134359447,1.276314611905246,0.3938634217694462,0.3805955539851821,29.0,132.75127823391003,155.4359907562728,208.55420365014436,0.0,1.0,2.0,0.0,2.0,3.0,0.6744359492964243,OC_0279
OC_0280,4964.0,"OC_0280,Theia_21,Theia_77,UBC_31",o,8.181396416729527,78,8.181396416729527,78.0,60.520993376804114,32.178104039734805,163.37893660620352,-15.337691576055487,0.5707414806831757,0.4798014496976174,2.3947824621459213,2.3947824621458875,3.666042389648026,3.081877608181081,15.390855205746956,15.39085520574674,3.6278841954882672,0.1912019543969617,0.0216493581847242,-5.259416665563588,0.1951913647434022,0.0221010699562295,2.703450231246317,0.0719468403401426,0.0081463754996411,367.5178988041183,368.01567074269616,368.5147928900756,68.0,False,-8462.30063242548,101.51865680415112,-75.67200652770109,24.97955422381233,30.174932117609192,5.917791064962574,26.0,0.8389084339141846,0.963772714138031,0.9787353575229644,0.999206006526947,0.9993810653686525,,6.651433944702148,6.889973402023315,7.054636001586914,0.4306390285491943,0.686458170413971,0.8900988101959229,0.7820213437080383,1.315404772758484,1.901505708694458,7.6303205490112305,7.779321432113647,7.944067001342773,40.0,False,False,4.0,m:m,hunt,none,7.761995775248315,19.8163805,-340.07932449701934,101.5181974787449,-97.34291213290231,-20.43683001172001,-5.403186943777246,-7.336983195272065,0.9212191064125932,0.2749961448091653,0.2636859816846737,1.9896521320116924,0.5816685403877216,0.580156756543447,13.0,79.44931021659531,89.42172337804443,126.32906312793952,0.0,0.0,1.0,0.0,1.0,2.0,0.6792707731402673,OC_0280
OC_0322,4978.0,"CWNU_216,OC_0322",o,8.301728635375783,53,8.301728635375783,53.0,79.41769192082812,7.164122705635773,195.20566966733224,-17.12286598083976,0.3327714273724482,0.1861312527954944,2.0545658860063,2.0545658860063063,2.2438259308627875,1.255044364770438,13.859403097413212,13.859403097413258,2.291051887539952,0.2835267473049055,0.0389453939043392,-3.665995135192937,0.2889147225692104,0.0396854892251857,2.549517233627693,0.0972839470981636,0.0133629778365581,385.4819445385268,386.33217776019086,387.18616988425407,47.0,False,-8478.545873797606,-96.83716087457208,-92.03245373928009,6.219117812370204,20.30204815132362,5.241966292265164,15.0,0.2707424163818359,0.6105659604072571,0.7471013069152832,0.9580957889556884,0.9745113849639891,,6.502377510070801,6.727891445159912,6.852597236633301,0.6048483848571777,0.8988405466079712,1.1808466911315918,1.2274984121322632,1.7620250582695007,2.346197366714477,7.708853721618652,7.872546672821045,8.020352363586426,40.0,False,False,2.0,1:m,hunt,none,5.344307581214912,9.535463,-356.2824533470589,-96.8376593640485,-113.74459432792769,-8.728314736640979,-11.378589661802708,-3.228180842982129,1.5716671356555023,0.4271795180663389,0.5017610019361172,3.817165156356263,0.8835101379859702,1.258723972972782,5.0,49.98178317006656,68.41920399524216,90.66104098115756,0.0,0.0,0.0,0.0,0.0,1.0,0.8477037916032566,OC_0322
OC_0343,4981.0,"CWNU_1003,OC_0343,Theia_838",o,16.482548397539023,104,16.482548397539023,104.0,97.63164676147714,4.357297856461256,206.6649279529504,-2.6488256569824284,0.3937485062545077,0.3026497787282625,1.7856387495578074,1.785638749557807,4.414631961632407,3.3932288206184373,20.026404648117985,20.02640464811797,-1.758628744736528,0.1589957049049019,0.0155908115747602,-4.71420832604683,0.1562518963203274,0.0153217590071774,1.5236654538729797,0.0624144502946257,0.0061202403842781,641.212055158987,642.3790658051142,643.5503321324936,93.0,False,-8695.494036481798,-287.9731860223953,-7.419656042436539,11.010466629923576,7.139630317676095,1.1150229252054191,41.0,0.9575668573379515,0.991030752658844,0.9953346848487854,0.9998844861984252,0.9999598860740662,,7.247226715087891,7.488465309143066,7.740742683410644,0.0170570909976959,0.1479387581348419,0.2300317585468292,0.1195362955331802,0.5752656161785126,0.8252366185188293,8.819405555725098,9.004578590393066,9.17764949798584,80.0,False,False,3.0,m:m,hunt,none,30.793943538140223,11.303205,-573.4462952702045,-287.9737630519784,-29.687074952095287,-5.068342920718633,-13.902790712409024,-11.881046710305744,2.087359845844844,1.0482321964751122,0.108061746508266,1.1486402681611307,0.6001404510663133,0.1786456221041745,12.0,227.8944796271045,299.2200521629355,372.010461709128,1.0,2.0,4.0,2.0,3.0,5.0,1.0,OC_0343
OC_0367,4989.0,"CWNU_18,OC_0367",o,13.182207806558038,135,13.41781864695466,125.0,89.45101497766913,-14.114305582289454,219.8512158057605,-18.140321256038455,0.47221571932547,1.0383338642516229,1.0383338642516229,1.9787001696558917,5.363980422235739,11.795639095316824,11.795639095316824,22.48482978317076,-1.867475055549175,0.2664596813628013,0.0238328784316063,1.520144151152853,0.2710344769193664,0.024242060585512,1.488403756217363,0.0625761234627604,0.005596978633246,649.6993392049317,650.817980721766,651.9404809992685,121.0,False,-8597.297273704435,-396.31266892633744,-180.6137417359842,27.35260540848401,22.22624209766664,4.127309542731234,29.0,0.2315291464328766,0.561099648475647,0.7196156084537506,0.956429958343506,0.9819281101226808,,6.610929012298584,6.820332050323486,6.99983024597168,0.2506699562072754,0.472494438290596,0.6190228462219238,1.074359655380249,1.5777947306632996,2.1067323684692383,8.868186950683594,9.02444839477539,9.21616268157959,80.0,False,False,2.0,1:m,hunt,none,6.611987902836855,25.175402,-474.8064606325249,-396.31340822555006,-202.62909818932656,-20.800566880498582,-9.709818164928748,-10.87795919125097,1.6350325815591873,1.3647357158837394,0.6977688910764925,2.4249731997235,2.1870398217645293,1.0907163477657955,11.0,240.28519493238556,299.0237029195282,393.88321032109104,0.0,0.0,2.0,1.0,3.0,5.0,0.9999699532797864,OC_0367
OC_0395,5000.0,"CWNU_91,LISC_3392,OC_0395",o,16.656357282585876,143,16.656357282585876,143.0,104.36893683319906,-21.353401562978934,232.7350751130841,-8.290834288345506,0.3384192523902766,0.2613600198173649,1.5281842816457056,1.528184281645712,4.702397333830792,3.631628176721773,21.23918949326648,21.23918949326657,-3.4682276395160843,0.1114191329890471,0.0093173359724008,3.2548305454172106,0.1046131387020001,0.0087481901381311,1.222192855794869,0.0549904425166462,0.0045985318181299,794.6661186666216,796.126064726781,797.5913850328104,126.0,False,-8599.283577447779,-626.9700242063941,-92.77931963350473,34.79756355685017,14.233679087464685,2.121831600632547,45.0,0.9952197670936584,0.9993677139282228,0.9997328221797944,1.0,1.0,,6.96588134765625,7.180395603179932,7.373922824859619,0.0398404896259307,0.1598895490169525,0.2249742746353149,0.085800215601921,0.5243871510028839,0.7721481919288635,9.31106185913086,9.48532772064209,9.612655639648438,80.0,False,False,3.0,1:m,hunt,cr135,15.149405946248242,35.584026,-477.0173567664153,-626.9706365548604,-114.79970896707884,-34.908290298386575,-17.68955353488728,-11.822488194929198,1.7527410439903406,2.3037257501817976,0.4218172753895999,0.9067368940267976,1.1424325706086556,0.2418419916387627,20.0,365.3312135184532,460.9554861873958,568.9766821747879,0.0,2.0,4.0,3.0,5.0,8.0,0.2944902830301656,OC_0395
OC_0401,5002.0,OC_0401,o,9.674656346222484,69,9.674656346222484,69.0,104.68584382697388,-23.32588834734249,234.65926572073525,-8.888107322204661,0.3715391501446331,0.8466773785770706,0.9300541915383472,0.9300541915383448,5.275875447355358,12.02356993158162,13.20779333611471,13.207793336114676,-3.0694673640373438,0.160242857064233,0.0192909730485786,3.3949429177127017,0.1155546224171653,0.0139111417976943,1.1849622815199747,0.0663128656113712,0.0079831308971868,811.6388372620765,813.591674598595,815.5539318180389,59.0,False,-8587.255171395722,-655.6983610085398,-103.71471410385432,35.5871576832766,10.369022132796609,2.3185838349133063,20.0,0.8038175106048584,0.9674674272537231,0.9827714562416076,0.9997782707214355,0.9999507665634156,,6.929435253143311,7.138797044754028,7.350747108459473,0.0342608392238616,0.1464413106441497,0.2319656312465667,0.0733751505613327,0.531530886888504,0.7653421759605408,9.39478874206543,9.55153226852417,9.73038101196289,40.0,False,False,1.0,1:1,hunt,cr135,13.765660193514298,35.2484455,-464.96097409279696,-655.6989781591788,-125.7042385436215,-34.45722810039455,-18.30702009404004,-10.389854169287572,2.237444451854458,3.155297159361566,0.6049029204070564,0.7769514741171015,1.178240736477275,0.2433579507708697,13.0,144.20720081874023,197.34551581795364,266.9216825825134,0.0,1.0,2.0,1.0,2.0,3.0,0.2670292781831127,OC_0401
OC_0407,5004.0,"CWNU_1204,OC_0407,Teutsch_205",o,11.36326528530918,82,11.36326528530918,82.0,107.37015907041902,-25.200818259900583,237.44897018812424,-7.5171627017403075,0.2951257571706236,0.2397180587126546,1.275111081929752,1.275111081929717,3.1154257277305777,2.5305197601825995,13.462514201551844,13.462514201551471,-4.9923096030755945,0.2024826196457992,0.0223604646911183,3.635190486518869,0.1798627087451939,0.0198625134106874,1.62194072135791,0.0629521966896332,0.0069519071502001,603.7169738863618,604.8240879991267,605.9352700893362,66.0,False,-8444.80443512049,-505.4319275383566,-57.499712249295335,22.98329384224856,12.075368045327156,2.6350613386744115,21.0,0.8764053583145142,0.97784161567688,0.9880013167858124,0.9997162222862244,0.9997162222862244,,7.121057510375977,7.398043632507324,7.637986183166504,1.871554013632704e-05,0.122750848531723,0.1904964745044708,0.0514993779361248,0.530171662569046,0.7816567420959473,8.698678970336914,8.897473335266113,9.043127059936523,80.0,False,False,3.0,m:m,hunt,cr135,25.00596577915745,24.661089,-322.6291321588646,-505.4323438731302,-79.1250040967257,-26.86702793424005,-12.251381414824118,-11.81943871806858,1.183297743984781,1.8537599138675205,0.290204539850194,1.5145994459681171,2.397999840297889,0.4185659518624134,14.0,125.10311974300876,155.45064942690274,201.7313844937628,0.0,1.0,2.0,1.0,2.0,3.0,0.4847529324527215,OC_0407
OC_0450,5015.0,OC_0450,o,20.786419012561584,398,21.20100005150538,386.0,118.13779524919455,-42.43187044798525,256.9987213071509,-7.733433159117862,3.1449597828945963,6.280650493612975,6.280650493612975,7.061356554964848,17.782045830388338,35.61879234437669,35.61879234437669,40.08897662760266,-11.397807110713398,0.3834917529915528,0.0195192162930708,4.658642415907119,0.3350946296738322,0.0170558675753168,3.051372690636736,0.0804664178239304,0.0040956328306452,323.4990195106438,323.63299507836774,323.76708166274665,306.0,False,-8194.231302636967,-312.46851132982067,-22.56514200787192,10.139036637928184,9.656585736314865,1.0067686582998,92.0,0.9854912161827089,0.9969176054000854,0.9982580840587616,0.9999771118164062,0.9999771118164062,,7.040459156036377,7.337456226348877,7.556908130645752,6.226400000741705e-05,0.1037967056035995,0.1748786270618438,0.0306669827550649,0.470087006688118,0.7419710159301758,7.353836059570312,7.539361000061035,7.692306041717529,80.0,False,False,1.0,1:1,hunt,cr135,21.74984800692663,12.0320865,-72.14641546975184,-312.4686424087644,-43.549486213783005,-16.696471893555582,-7.604660282839955,-13.12798629393797,0.0597581942862461,0.2588148242686543,0.036071627970486,0.1327490559126103,0.7267994568963951,0.0890341535956896,68.0,306.63137944598674,371.1817837354695,416.3695994792708,1.0,3.0,4.0,1.0,4.0,6.0,0.558189274044625,OC_0450
OC_0470,5020.0,"CWWL_3526,OC_0470",o,23.660231938876677,415,23.66533267994754,412.0,117.37501492536522,-46.36827055941276,260.1974650990202,-10.143514406178646,0.7568946881056985,0.8793321745417604,2.503685378201152,2.7000274991189364,5.141480236003047,5.973302553422335,17.01702944451175,18.35343183993726,-4.684030547614817,0.1771543444272868,0.0087277681159103,8.974550952867233,0.288705141494798,0.0142234814335694,2.540015312877274,0.0476003684030754,0.0023451018319478,388.9743002572228,389.1796126672267,389.3851419319029,362.0,False,-8187.3723204586095,-377.5033911742783,-47.57351343502555,15.103327284098432,24.101500823542864,2.801742560919074,74.0,0.8349283337593079,0.9645754098892212,0.977953165769577,0.999669313430786,0.999669313430786,,6.642217636108398,6.845579385757446,7.040346145629883,0.0674076676368713,0.26437708735466,0.3722606897354126,0.2595818340778351,0.8579151630401611,1.2105966806411743,7.762705326080322,7.918688058853149,8.081920623779297,80.0,False,False,2.0,1:m,hunt,gamma_velorum,7.007762677776589,17.974474,-65.22338597929794,-377.5035525208264,-68.54012453565988,-21.28786454120999,-15.187938916644038,-2.973971453956106,0.0688537740721244,0.398515715282258,0.0723551250643197,0.3291895752400395,1.6761975889075964,0.3218014473625664,29.0,316.5068259523614,380.86984391314815,455.9984037227773,0.0,1.0,2.0,2.0,4.0,6.0,0.3011413625897467,OC_0470
OC_0479,5025.0,OC_0479,o,11.176096583360126,92,12.459299872890478,77.0,119.55156357303794,-49.19828207382948,263.4316899861958,-10.26080151710002,0.3622935702278892,0.6567969496413035,0.968703934545857,2.1814557970416213,2.5236182771241253,4.575171731155774,6.748227211161693,15.20245016683256,-5.3875025858714185,0.1184328138767665,0.0134966717411333,8.237026699126375,0.1573831034414446,0.0179354691931938,2.472162729667041,0.0369535418245353,0.0042112469285493,398.6368722925992,399.09830362017215,399.56080442038535,86.0,False,-8167.077375002263,-390.1377191822044,-50.17636512785588,13.0208407219543,44.06133091666927,8.993981511146393,24.0,0.961183786392212,0.9906299114227296,0.9949482679367064,0.9999743700027466,0.9999743700027466,,6.603224754333496,6.854934930801392,7.021655082702637,0.0561085939407348,0.2060261815786361,0.3235757052898407,0.1037137284874916,0.6544301211833954,0.9500499963760376,7.783719062805176,7.965800762176514,8.112863540649414,80.0,False,False,1.0,1:1,hunt,gamma_velorum,7.160361203692278,19.6576415,-44.92183321175685,-390.1378653909799,-71.09100394257965,-21.130139511271995,-17.357172591906522,-4.841939655248576,0.1039962449524978,0.9031882742445988,0.1645791574239723,0.2785708176521827,1.540652932077863,0.2169206004159904,7.0,72.62238232481589,89.68408409789288,115.20344674141664,0.0,0.0,1.0,0.0,1.0,2.0,0.2986529382594329,OC_0479
OC_0666,5070.0,"CWNU_1014,OC_0666",o,12.009249530731946,64,12.009249530731946,64.0,242.1909911931975,-39.084873762078345,339.56610333560934,9.364234948463237,0.2454097995215784,0.1840780976139835,1.137710205763256,1.1377102057632411,0.6737946908237424,0.5054016317533864,3.1240772690000758,3.1240772690000345,-9.865689087731456,0.7131527485648423,0.0891440935706052,-23.49564656601708,0.5838801314284924,0.0729850164285615,6.276736091083171,0.1078227802553824,0.0134778475319228,157.20461961531385,157.30975712046182,157.4150353503893,58.0,False,-7976.4616564640755,-54.18929460368709,46.02344916926433,3.818679658706799,24.86218821898556,5.860073961593661,18.0,0.1389899849891662,0.5175939202308655,0.6669878959655762,0.956959307193756,0.956959307193756,,6.497934341430664,6.779711246490479,6.919464588165283,1.5875719785690308,1.9365920424461365,2.39607834815979,1.3886229991912842,1.872726023197174,2.6703171730041504,5.8077473640441895,5.946127653121948,6.081370830535889,10.0,False,False,2.0,1:m,hunt,alphaPer,6.021590896977117,-1.60865555,145.4467236549668,-54.18912171191704,25.595885439371308,-7.390830829918732,-16.405011553240158,-8.170229498774551,0.1945478769555393,0.0724827505097138,0.0342367641284298,1.0398664211214357,0.4552687076978527,0.2655450758748792,10.0,66.4247585424305,84.33377833154921,108.01471242394948,0.0,0.0,0.0,0.0,1.0,2.0,0.3072307370410855,OC_0666
OCSN_10,5085.0,OCSN_10,o,13.324478385865596,121,14.189360578617858,112.0,276.0893857196853,15.689698428965247,44.110442223713285,12.962785805095848,2.278375189935639,1.8610606961685208,9.79634374508803,14.219404754289808,14.661506942572071,11.973956643368783,63.62817915663491,93.37968482117812,-1.585574690339055,0.3782680933550085,0.0357429751402827,-7.291333620044654,0.7224414519105943,0.0682643006628521,2.6928667942850395,0.0701540360577773,0.006628933317012,368.1713414260859,368.5080705661984,368.84541621443697,87.0,False,-7863.916590604351,249.9607505463516,102.80318206024816,-9.737728565718257,21.745903524157868,3.527651373461347,38.0,0.9756699204444884,0.99675190448761,0.9985678493976592,0.9999912977218628,0.9999912977218628,,7.456830978393555,7.736792087554932,7.95395565032959,0.1323930919170379,0.3786798119544983,0.5096873044967651,0.041138757020235,0.488457515835762,0.7267975211143494,7.594124794006348,7.767596244812012,7.90274715423584,40.0,False,False,1.0,1:1,hunt,alphaPer,54.54966496337949,-16.0033775,257.8458094080209,249.96111181570487,82.66304629640337,-1.3516217756335491,-20.05311200964526,-6.3566338385226935,0.4716514325911021,0.4572287474851464,0.151207205180313,0.5255585750882498,0.5527349188913837,0.1595208718578217,29.0,180.7847146965751,211.30196131415968,274.71659721509843,1.0,2.0,3.0,1.0,2.0,3.0,0.6900027539257088,OCSN_10
OCSN_24,5089.0,OCSN_24,o,12.590048466891712,58,12.590048466891712,58.0,314.77218010389333,48.761052334492845,88.88540276155618,1.8767564027744528,2.1045490779415896,2.7048676164739103,6.558807575678947,6.558807575678947,5.757691944084372,7.402233940642613,18.01447885290812,18.01447885290812,13.339255530736525,1.8731567201888015,0.245957527115209,2.8319481264042947,0.6706039283664282,0.0880546096955126,6.312790909597949,0.1884338209919438,0.0247425728645796,156.6108023856116,156.68110392440022,156.7514686073123,48.0,False,-8118.913944575753,156.56741737701248,25.92367862590932,-24.59297138572997,10.412850301802708,2.3888716936723684,19.0,0.9286774396896362,0.9864310622215272,0.9929770529270172,0.9999809861183168,0.9999809861183168,,7.452802181243896,7.745222806930542,8.065774917602539,3.617269385358668e-06,0.1062057018280029,0.1941197216510772,0.0070524932816624,0.4759547710418701,0.7045779228210449,5.822418689727783,5.953901052474976,6.149179935455322,10.0,False,False,1.0,1:1,hunt,alphaPer,55.61895270671121,-23.777035,3.046151756693426,156.56742774782407,5.131262502909131,-8.919145576909415,-22.894699466526063,-7.082737176189913,0.0027347947366536,0.1405641647336892,0.004606779571759,0.0584504302306302,0.592794858288542,0.1306090302671883,10.0,36.70278610175742,46.54941690429816,66.2235707302265,0.0,0.0,1.0,0.0,0.0,1.0,0.8837223944316228,OCSN_24
OCSN_27,5090.0,OCSN_27,o,17.285014915575164,173,17.285014915575164,173.0,321.6072071269982,47.632544554798265,91.19923458756158,-2.205248000495109,0.7818350902487983,0.3974240651230442,5.337341031814223,5.33734103181422,5.637300078630609,2.8654323824322048,38.59337566208306,38.59337566208305,3.2571996524372757,0.297024394607985,0.0225823465494108,-2.5056998227951333,0.2417905400582212,0.0183829943502464,2.407233890870069,0.0776317172155593,0.005902230164298,412.76250976500967,413.096647560904,413.4313267747717,142.0,False,-8130.652960660872,412.700321579165,4.927084919352318,-16.30640998515988,14.765852160644156,2.3060386794187995,41.0,0.9184466600418092,0.9834614992141724,0.9907897114753724,0.9998208284378052,0.9998208284378052,,6.910591125488281,7.173112392425537,7.379398822784424,0.0026448369026184,0.1462897509336471,0.2113679051399231,0.0513042211532592,0.4944844841957092,0.77524733543396,7.900729179382324,8.062859535217285,8.225613594055176,80.0,False,False,1.0,1:1,hunt,none,14.897465639948432,-15.069816,-8.63932305205799,412.7002901951506,-15.895684826336035,-0.7511028349623237,-13.469916157317478,-7.652913718597838,0.0139873471357532,0.6681752941981358,0.0257356346425012,0.1124680578213973,2.6710842785008264,0.1019942540422365,20.0,157.298358527899,193.2884660895951,245.18831559702383,0.0,1.0,2.0,0.0,2.0,3.0,0.9991407403005031,OCSN_27
OCSN_28,5091.0,OCSN_28,o,10.981321523904793,116,11.398954482525935,114.0,324.4190270904199,50.8910939854204,94.76215598881257,-1.0664883331322086,0.9739629286235896,1.7440232978765238,2.615331819399469,3.549215377649709,7.438158661319743,13.321944405299664,19.985257532808227,27.1374806763843,3.880703065934747,0.2957219703670844,0.0276969001618793,-2.1211141728959784,0.2139707427909558,0.0200401961791605,2.280283414574283,0.0770572764549224,0.0072170751806808,437.0697226793053,437.5259426889838,437.98311611259,96.0,False,-8158.310636992171,435.94007887000026,12.750098980020674,-17.579245211749235,15.659416790719106,2.959351607467996,28.0,0.9329708814620972,0.9824870228767396,0.9893643856048584,0.9991488456726074,0.9997982382774352,,6.977320671081543,7.256782054901123,7.447604179382324,0.0767632722854614,0.2363574206829071,0.3630905449390411,0.2610938549041748,0.6786699295043945,1.082507610321045,8.012360572814941,8.165509223937988,8.33771800994873,80.0,False,False,1.0,1:1,hunt,none,18.06267446445467,-13.534161,-36.31695352271835,435.9400331268305,-8.143520742919435,-2.286048580925219,-13.805598219848864,-8.567189107463408,0.07581645710124,0.910082636738764,0.0170006796046777,0.3193991204593868,3.0104616282742165,0.0753420305276738,20.0,124.0188356397586,170.37843496154426,222.7646858756007,0.0,1.0,2.0,0.0,2.0,3.0,0.9893152359252464,OCSN_28
OCSN_32,5093.0,"OCSN_32,Theia_18,Theia_81",o,10.40993310988407,89,10.40993310988407,89.0,340.3675075830408,40.21033521399985,97.64291881847174,-16.19422715148081,0.7695218155248762,1.738546765970319,1.9302638324370145,1.9302638324369663,5.71523637868228,12.915369649335108,14.34062794695749,14.340627946957133,-2.0615025964962803,0.2604027889922974,0.0276026404279578,-5.245016659145515,0.1973341111361076,0.0209173739457213,2.3180508369895048,0.0482543349709245,0.0051149492770296,424.8982459305425,425.51000788920953,426.1235339987897,78.0,False,-8176.62341132397,404.9965980070591,-97.73225289362844,-18.99113348349299,19.8048405738253,4.668045690023448,18.0,0.9777112007141112,0.9956244230270386,0.9979001879692078,0.9999914169311525,0.9999914169311525,,6.719624996185303,6.930685520172119,7.159213066101074,0.0417954325675964,0.2097575962543487,0.305121511220932,0.0974464789032936,0.5647408962249756,0.8594160079956055,7.964522361755371,8.115309715270996,8.2651948928833,80.0,False,False,3.0,m:m,hunt,none,8.52482593699841,-16.847929,-54.346857931102,404.9963731427031,-118.67233708050026,11.319462207956592,-15.662337252317757,-2.4142865631467725,0.1564958645744383,1.1662175142643036,0.3417259193903419,0.2316594402410467,1.0963492275126656,0.357892212176472,8.0,71.5507464100609,90.18141427895635,139.24605128262843,0.0,0.0,1.0,0.0,1.0,2.0,1.0,OCSN_32
OCSN_40,5095.0,"Collinder_460,FSR_450,MWSC_3779,Melotte_245,NGC_7789,OCL_269,OCSN_40,Theia_920",o,11.60520232946108,169,12.275761320056173,159.0,358.857836665249,56.48449254104412,115.21817948439804,-5.546136525588384,1.1568579958237004,2.839464501430635,2.839464501430635,3.4732191712371,8.121562251397997,19.94769372235993,19.94769372235993,24.40985008687825,7.921899302244079,0.4040597433998217,0.0320440220228095,-3.12562599248084,0.358114365998302,0.0284003165823401,2.46349920429028,0.0718900155403578,0.0057012490821582,401.80111439038194,402.1824677448028,402.56454567930194,137.0,False,-8292.626207695008,362.1481432123416,-17.632634470100278,-12.707631051242164,16.531986442705435,2.8778494482375376,33.0,0.6451847553253174,0.923133134841919,0.9568600654602052,0.9971327185630798,0.9994736909866332,,6.6996684074401855,6.970875024795532,7.152853965759277,0.0791873931884765,0.2714609652757644,0.4042569994926452,0.1408350765705108,0.7807353734970093,1.089738845825195,7.845201969146728,7.999290466308594,8.180766105651855,20.0,False,False,3.0,m:m,hunt,none,9.35136534884716,-11.319819,-170.5542505853009,362.1479274684983,-38.86982890182168,-7.51824593987944,-16.724263288444696,-8.270439424797472,0.3237496952197887,0.6874368755985074,0.0737835334917349,0.6823062247386066,1.5277383718748845,0.1693725009641555,21.0,158.32946126470117,194.37321642276515,264.0351968962037,0.0,0.0,1.0,0.0,2.0,4.0,0.993500573734681,OCSN_40
OCSN_54,5099.0,OCSN_54,o,8.377723455694897,36,8.377723455694897,36.0,77.62209287951843,17.430950001367876,185.2839796242376,-13.029081045635357,0.7202650954225585,0.7767401896115211,2.5008465109162903,2.500846510916282,5.437785916712489,5.864206321474438,18.891646803728477,18.89164680372841,0.6316469006072416,0.1022608622649158,0.0170434770441526,-5.448377238495929,0.2516381355882209,0.0419396892647034,2.266965771789379,0.0890063606690553,0.0148343934448425,431.70454974632815,432.5432020454749,433.3851191083593,33.0,False,-8541.83854859289,-38.80781706208242,-75.64067357482594,14.3021380085876,12.368902087032016,3.3057281328733543,14.0,0.0609033703804016,0.3863945007324219,0.6493962705135345,0.9952412843704224,0.9952412843704224,,7.298074245452881,7.549970865249634,7.788955688476562,0.4060805141925812,0.6254250705242157,0.8260992765426636,0.1884540468454361,0.6603159308433533,1.0298641920089722,7.953242778778076,8.128451347351074,8.261528968811035,20.0,False,False,1.0,1:1,hunt,none,35.478958728992446,12.4938345,-419.6169297975633,-38.80835062679594,-97.51495159536772,-9.976955715546628,-10.79286770472307,-8.101374593676045,1.6303466397634452,0.150782915431165,0.3788769288620131,4.0055016779567305,0.3679131382038361,0.915020309586516,10.0,66.88358463679862,94.76006279313646,132.0542510661485,0.0,1.0,2.0,0.0,1.0,2.0,1.0,OCSN_54
OCSN_59,5101.0,"LISC-III_3613,OCSN_59",o,9.09414747413169,60,9.244610512070604,59.0,76.84403947936539,-3.3356783692869434,203.57206156636465,-24.59686164644944,0.5738663421769334,0.999023446577712,1.5566360650253372,2.2536242812000444,3.813539358968847,6.639305497628047,10.34658232048678,14.983335909243111,1.1971498049640537,0.230888962490882,0.0300591825841802,-0.8593646776968469,0.2588567157359376,0.0337002739217344,2.5841259360637365,0.0360350397454815,0.0046913625816149,380.10975706778567,380.737443073788,381.3672055400618,53.0,False,-8439.68023526669,-138.44116248636584,-136.86226684359042,17.391641690686704,15.493223646619136,4.297047098470498,13.0,0.7068318128585815,0.9380322098731996,0.9652534425258636,0.9989792704582214,0.9996601343154908,,6.513306617736816,6.768362283706665,6.903476715087891,0.2380182147026062,0.4520418047904968,0.6755859851837158,0.7798435688018799,1.3017922043800354,1.8283846378326416,7.721310615539551,7.896990299224853,8.046061515808105,40.0,False,False,2.0,1:m,hunt,none,5.866273185550321,19.59222945697021,-317.302160876799,-138.4416904177713,-158.4747223236241,-18.2755887382196,-10.65130570367605,-7.32945643062423,1.0479429452047384,0.4572266145135018,0.523389020715797,2.4586185774102285,1.1026675138161062,1.0855231080910082,9.0,63.33601635019527,80.83429281966343,135.33443813604495,0.0,0.0,0.0,0.0,1.0,2.0,0.3045289288635451,OCSN_59
OCSN_61,5102.0,"Collinder_70,OCSN_61",o,10.069447267427345,147,10.069447267427345,147.0,84.08365125134378,-0.4021664236833903,204.48989799599724,-16.83704310159959,0.5201924766908037,0.7683383541089355,1.5103370839062555,1.5103370839062469,3.4285776431409656,5.064266314221892,9.956632637881542,9.956632637881484,-1.0446843949705418,0.2116921014752864,0.0174600702531534,-0.6302525106779426,0.2020273073254571,0.0166629314668582,2.5902714493072745,0.0711618484725769,0.0058693303388105,377.1846169638353,377.62489825968873,378.066208622743,132.0,False,-8451.17251380136,-149.8270396428988,-87.73728919069819,26.822683039453445,16.99000397045127,2.793139447056188,37.0,0.939565896987915,0.9862502813339232,0.99213844537735,0.9998525977134703,0.9998842477798462,,6.868872165679932,7.06891655921936,7.3103532791137695,0.0600889921188354,0.1900316774845123,0.2848402559757232,0.0911503657698631,0.654799222946167,0.9471433758735656,7.688568115234375,7.855467319488525,7.998793125152588,80.0,False,False,2.0,m:m,hunt,none,11.71970173875076,31.645531930175785,-328.9201272573386,-149.82750626791028,-109.3793035093736,-26.997238391672703,-12.487066935094346,-11.279793407215047,0.7678869745435009,0.3497827617020732,0.2553536116802348,0.9930685518739324,0.464333070836459,0.332065431845251,32.0,94.99254525298936,116.08890417199768,155.9364090816483,0.0,0.0,1.0,0.0,1.0,2.0,0.2004713380993274,OCSN_61
OCSN_64,5103.0,OCSN_64,o,9.883416216629604,67,9.883416216629604,67.0,78.46736943973399,-4.849421967210208,205.87123800303323,-23.87723781247778,1.9465832626248445,2.665222361678244,5.864949820316722,5.864949820316697,11.016068577767976,15.08805845366332,33.29441505433922,33.29441505433908,0.338367901833784,0.5761826008977486,0.0703919081994487,5.175434195019808,0.394981507213425,0.0482546712672801,3.0706113921409,0.1038486652121395,0.012687133726111,323.6455495906612,324.1224688463378,324.6007957384934,53.0,False,-8388.98645849757,-129.3260651924137,-109.71494999841217,27.485003223303803,15.508249035097933,3.761302872946585,17.0,0.3454601764678955,0.7874326705932617,0.892333447933197,0.9974056482315063,0.9974056482315063,,7.096506118774414,7.321876525878906,7.567224979400635,0.2890889346599579,0.5320577025413513,0.7107272148132324,0.080115757882595,0.6200408637523651,0.9027233123779296,7.364205837249756,7.52458381652832,7.679530620574951,10.0,False,False,1.0,1:1,hunt,cr135,20.98343219539304,25.769228,-266.6780425817832,-129.3265059673104,-131.19775634545363,-26.21712855629121,-5.271342649592808,-5.531167805022559,0.7859472803426115,0.3811480490001315,0.3866629542817463,2.3765478194650025,1.1357489624024713,1.097645547178543,11.0,60.13735130476019,89.21571980907558,133.32550786399045,0.0,0.0,1.0,0.0,1.0,2.0,0.3999522690174638,OCSN_64
OCSN_65,5104.0,"Collinder_70,OCSN_65,Theia_13",o,6.209271582861662,70,6.577178172336092,68.0,83.76420765758571,-2.155058654636566,205.9527579821992,-17.944252488266358,0.4973850515036335,0.611793194269852,1.5894041593645412,1.6227166050637671,3.617031891927245,4.449076229923747,11.560975082288635,11.803410751463346,-1.2577364841113614,0.2916979333599294,0.0353735702946285,0.929654694564932,0.2083921649594229,0.0252712619905541,2.364854582720752,0.0395989119613708,0.0048020734316549,415.8745210008482,416.6499480471701,417.4282721709028,57.0,False,-8478.710508048573,-173.4684223000789,-106.65390242242344,33.16098085201085,22.552140458139966,5.315590482740755,18.0,0.9451179504394532,0.9874202609062196,0.9934500455856324,0.999829113483429,0.999974250793457,,6.781264781951904,7.117013216018677,7.300125598907471,0.1513761281967163,0.3647494614124298,0.5244883894920349,0.0673363208770752,0.5803184509277344,0.8730574250221252,7.8780341148376465,8.068378448486328,8.21693229675293,40.0,False,False,3.0,m:m,hunt,cr135,13.092217633306351,29.53861,-356.4095919694721,-173.46894238494895,-128.3663039419263,-25.73190605380908,-9.433464463021297,-9.565911005889584,1.3291056992488848,0.6468921296211079,0.4786975154567017,1.1105970878420643,0.4936080243982685,0.470061076251438,15.0,58.479912543662266,79.29090932474091,115.70882923446288,0.0,0.0,1.0,0.0,1.0,2.0,0.250706439067907,OCSN_65
OCSN_76,5108.0,OCSN_76,o,13.444455525783155,119,13.444455525783155,119.0,99.63808778625572,-16.764762239769404,226.58283430205935,-10.335504923379792,1.3959998179038275,1.2305209911792936,5.632628137581395,5.632628137581406,11.08387521862234,9.769585133319683,44.85735182608679,44.85735182608689,-4.295287562869225,0.2838653961735312,0.0260218982030593,5.016557389951606,0.2895525424292827,0.026543238045562,2.161796161463173,0.0850616871360317,0.0077975920752284,454.2294063865217,454.82355467769753,455.4192593390436,96.0,False,-8429.711822738023,-325.0086669921527,-60.01382672174734,24.22306027593315,7.683293083964462,1.2805488473274105,36.0,0.6881357431411743,0.9467037916183472,0.9746165871620178,0.9992680549621582,0.9997670650482178,,7.296976566314697,7.56828761100769,7.84357213973999,0.0296900570392608,0.1798625737428665,0.286159336566925,0.2269139140844345,0.7519918084144592,1.0948699712753296,8.065292358398438,8.253341674804688,8.42680835723877,80.0,False,False,1.0,1:1,hunt,cr135,37.00731791718422,25.7412595,-307.5303021322386,-325.0090729181026,-81.60074559111501,-26.157374579712872,-8.798836069262933,-8.00522709111559,0.8045226202968365,0.8502484117869926,0.2134737461836096,1.0504706916422129,1.1671409190526396,0.2696641728210444,24.0,162.44868577618308,198.78224113522552,245.16397905379205,1.0,2.0,3.0,1.0,2.0,3.0,0.6593945888643572,OCSN_76
OCSN_82,5110.0,OCSN_82,o,17.581582775319635,157,17.623189113023823,154.0,108.53135740465396,-35.060592139733664,246.87011794551685,-10.949180372940434,1.5935434731157936,3.1895181069197034,4.128478370497088,4.947066506620372,11.406553471173378,22.84822826193037,29.595185600799702,35.49011296151257,-5.4402298623084935,0.2703943553866472,0.02178899809134,6.456899915221378,0.2390903380588813,0.0192664484884437,2.421633019291713,0.0614255531572866,0.0049498121312103,409.6765255430019,410.0163315844718,410.3567017978828,111.0,False,-8280.301867683953,-370.19367886388494,-56.6733366291388,15.467023674286375,10.469010092531091,1.6349846894003643,41.0,0.5948865413665771,0.9139530658721924,0.9562039077281952,0.9986411929130554,0.9990018606185912,,7.098313331604004,7.372208595275879,7.593611717224121,0.0083765685558319,0.1597585380077362,0.2363098561763763,0.1424436420202255,0.6298585832118988,0.9764989614486694,7.903559684753418,8.041181087493896,8.252942085266113,80.0,False,False,1.0,1:1,hunt,cr135,23.56180705479083,17.447016,-158.1293444804337,-370.1939403477121,-77.87778316060596,-21.6005414740618,-9.095173613011683,-7.490177137533278,0.262320832196707,0.6141148742838141,0.1291914853340188,0.3929945089883569,0.8425467847607083,0.1869383082020822,26.0,162.4171329853833,199.48776989478483,237.45660658570768,0.0,1.0,2.0,1.0,2.0,3.0,0.5912900038797181,OCSN_82
OCSN_89,5113.0,"OCSN_89,Theia_246",o,12.738178280009077,161,14.696597111958653,145.0,186.45011925085305,-65.88346545941133,300.3137131442987,-3.1421324878275634,1.0061805098929597,1.6837298710701118,2.770305158827944,4.8317156240139605,7.24099822821483,12.119238991322076,19.950056108225724,34.8506157768288,-13.751029328532637,0.7101388381743297,0.0589738205789646,-2.684892108532836,0.7478386746732821,0.0621046215914276,2.409700326706105,0.1181238038687389,0.0098096479744284,411.9877938264095,412.2878392376356,412.58832200581065,130.0,False,-7914.249269767085,-355.38277595560186,-2.3310339314642547,1.3922061073679493,10.831903169401365,1.5799954637107472,47.0,0.6888184547424316,0.9284952878952026,0.9607921540737152,0.9977655410766602,0.9981915950775146,,7.332252979278564,7.571667909622192,7.76650333404541,0.552682638168335,0.7271077632904053,0.944312334060669,1.2369985580444336,1.622997164726257,2.1644773483276367,7.843876361846924,8.002744197845459,8.143312454223633,20.0,False,False,2.0,m:m,hunt,m6,37.29648550532337,0.9547009,207.78295073249893,-355.38261586915246,-22.59876337618246,-22.099915501775225,-12.78992979348478,-7.303905530041918,0.3026514615243343,0.5176414509177221,0.0329167948588917,1.1995269676806195,1.7635832477898457,0.2079345268697482,24.0,261.6777554383259,323.5052642569247,398.3168740121692,2.0,4.0,6.0,2.0,4.0,7.0,0.646261706998931,OCSN_89
OCSN_92,5115.0,OCSN_92,o,10.383014598136096,103,10.383014598136096,103.0,231.5551565261004,-36.06206070261363,334.8428416206594,17.043242661615338,2.8190172002236658,4.7047034674729655,7.769587388446983,7.769587388447007,6.80355455761835,11.370966375554566,18.852067238948287,18.852067238948344,-20.49808378735952,2.363562460795505,0.2328887293391855,-24.57592903600506,0.9121534335928326,0.0898771484297107,7.245638065719834,0.3489072413420663,0.0343788520257873,138.1136348453749,138.16884929441056,138.22410643282535,100.0,False,-8002.299576092793,-56.15665111141292,60.99011608923847,1.6232095166378355,18.550750701366884,2.337174904255896,63.0,0.9810645580291748,0.9970117807388306,0.9985175132751464,0.9999996423721312,0.9999996423721312,,6.759851455688477,6.965532779693604,7.214362144470215,0.0906047523021698,0.2617063820362091,0.3774842321872711,0.0017307758098468,0.5851294100284576,0.873908519744873,5.531515121459961,5.664445400238037,5.790591716766357,40.0,False,False,1.0,1:1,hunt,alphaPer,9.237039051431733,2.432161,119.57058309262854,-56.156480403304506,40.496373701155086,-4.970566988757248,-20.062769403617505,-4.300795718486532,0.0956015208498826,0.0448993790384903,0.0323784898810473,0.7460564515715313,0.3451446832028844,0.2498184190863373,37.0,71.06418523331396,85.27618320478803,103.53968024437238,0.0,0.0,1.0,0.0,1.0,2.0,0.3604031439508142,OCSN_92
OCSN_96,5116.0,OCSN_96,o,13.949744299728248,223,14.13727648197589,220.0,240.42965468226316,-22.709214483654243,350.27381794099455,22.20231759040943,1.6237069148596146,2.9729466331604595,2.9729466331604595,3.964064191802768,3.985775711875212,7.302407211509762,7.302407211509762,9.743687186523054,-11.540676766097564,1.299159657092258,0.0875893262129393,-23.887567836571087,0.8312324667046571,0.0560416814727261,7.0648931786606655,0.1144950215600531,0.0077192527788513,140.56725490738305,140.60849702070465,140.64976334181353,211.0,False,-7993.525893970417,-21.993307012157256,73.60426856686877,-11.803421285987795,17.685615378490276,1.833912883907596,93.0,0.9812224507331848,0.9948105812072754,0.9974028766155244,0.9999728202819824,0.9999879002571106,,6.506295680999756,6.671009540557861,6.789896488189697,0.1976824700832367,0.3964270055294037,0.5284295678138733,0.5820067524909973,1.1595107316970823,1.7419804334640503,5.546475887298584,5.678969144821167,5.816046237945557,20.0,False,False,1.0,1:1,hunt,alphaPer,4.688236811255971,-6.029129,128.31191859416995,-21.99310961167559,53.13289104418666,-5.976787143159203,-16.037721612098046,-7.514305805538722,0.0752928574467262,0.01290545792585,0.031178141788807,0.3099225633975297,0.0675406328935753,0.1732174851426501,129.0,133.77278260634534,164.87314373659535,184.5184918535465,0.0,0.0,0.0,0.0,1.0,3.0,0.3161061857493599,OCSN_96
OCSN_98,5117.0,OCSN_98,o,5.780310293875796,75,6.548387324752618,56.0,241.3008374254536,-19.74287484002249,353.2013358546657,23.682584306100527,0.4733565592207999,0.7976615056956373,1.2997463095447137,2.1263269705419647,1.250365639067453,2.107101436248038,3.4337751099825384,5.619119138511409,-9.986460475910622,0.4763229468912138,0.0636513311687657,-21.69771089511938,0.4296983188773777,0.0574208531754244,6.564300879139998,0.1024737977483739,0.0136936372248565,151.25483952196092,151.3426668123944,151.43059615727523,74.0,False,-7984.195516209086,-16.407479289695402,81.2372525396213,-10.86533560138563,15.03166226992274,2.892844752635811,27.0,0.9248577952384948,0.9789763689041138,0.9888270497322084,0.9998793601989746,0.9998793601989746,,6.417759895324707,6.6486406326293945,6.753048419952393,0.2838180363178253,0.5564627051353455,0.7912188768386841,0.1592682898044586,0.7446492910385132,1.159196853637695,5.721183300018311,5.854192018508911,5.991515636444092,40.0,False,False,1.0,1:1,hunt,alphaPer,4.452876319923621,-4.012466,137.62272386597792,-16.40726198154094,60.78972304481474,-3.366069070575246,-16.026404409081362,-6.598829123755466,0.1598234483303997,0.0190540131301446,0.0705960679104933,0.3381434236984083,0.1087311078607781,0.1574918170272949,37.0,45.12623244204735,53.6902597032128,65.6706490579454,0.0,0.0,0.0,0.0,0.0,1.0,0.3147290602513976,OCSN_98
OCSN_100,5119.0,OCSN_100,o,7.461161257997266,87,8.095198865265516,69.0,242.7213349327659,-19.383341144812917,354.4796591255147,22.94589587653993,0.4404616840150184,0.9854076484084642,1.1074739111493774,2.100650422152783,1.0585249660899712,2.3683351866372813,2.661779097853827,5.050482309906855,-8.640699486567618,0.544269933562544,0.0655224002608617,-24.328943409649064,0.4652517954259513,0.0560097342920389,7.193400552037027,0.1115001657196956,0.0134230425693701,137.61934151814836,137.69147356567214,137.76368126769012,79.0,False,-7995.628045951704,-12.19790086634634,74.15740977718748,-11.055886017137428,14.670758786110556,2.6349460627413483,31.0,0.996344029903412,0.9996393918991088,0.999868780374527,1.0,1.0,,6.401331901550293,6.558252096176148,6.640872478485107,0.1512461602687835,0.4082417786121368,0.5842611193656921,0.1982239335775375,0.918723613023758,1.385575294494629,5.507294178009033,5.638928890228272,5.771397590637207,80.0,False,False,1.0,1:1,hunt,alphaPer,3.616197121697464,-6.803008,126.20834861404823,-12.197704618053052,53.68063556676434,-5.181673426381473,-15.205420465440294,-8.7602670378309,0.1323021749806656,0.0127866568928425,0.0562725439150355,0.3540085846638373,0.0744091244624645,0.1087677298819098,46.0,41.85568208845722,50.48024578350736,60.15368390913823,0.0,0.0,0.0,0.0,0.0,1.0,0.3108453940817299,OCSN_100
Platais_6,5196.0,"HIP_29713_Group,MWSC_821,Platais_6",o,5.46338585748264,53,5.46338585748264,53.0,94.89598036744728,5.3012761016652,204.55958259963745,-4.625577151283761,3.648061490546012,5.6670755650605,10.35521419102745,10.355214191027448,14.315246265672384,22.2806434824872,41.02733856515582,41.027338565155816,-1.0957030335789375,0.6888250358748854,0.0946173953897502,-12.678978299238938,1.723961276720203,0.236804293195989,4.406852145115146,0.1536696918350819,0.0211081555322881,224.31503869718668,224.5287093636708,224.74278748106977,43.0,False,-8325.569489116973,-93.01878436135311,3.2140457754120604,29.134387327010245,20.09707921417504,5.024269803543759,16.0,0.6412584185600281,0.9175146222114564,0.9575568437576294,0.9984668493270874,0.99885231256485,,7.331347465515137,7.684708833694458,7.905494689941406,0.0002503020514268,0.1543879210948944,0.2438761591911316,0.0628953352570533,0.5669234395027161,0.826510488986969,6.658045768737793,6.788968801498413,6.948612213134766,40.0,False,False,1.0,1:1,hunt,alphaPer,48.38478701779541,27.367238,-203.55035807559867,-93.01900030152235,-18.10686717012801,-18.13540606892617,-22.193891442605487,-10.119776622786334,0.3877830072268295,0.1772101410539335,0.0344953232658014,3.221871558233976,1.8061769101898515,0.3546159920611378,11.0,36.40799943483754,48.221728008651496,81.70779722306962,0.0,0.0,1.0,0.0,0.0,1.0,0.8213144922821455,Platais_6
Platais_8,5197.0,Platais_8,o,23.37897383725504,225,23.374355285747026,223.0,136.89483574906478,-59.308819051283045,277.65136249751635,-7.924241317932918,2.9344182190594625,6.088208832247211,7.524710379093813,8.894102407777686,6.848053490931223,14.249301910277325,17.64663680304755,20.9062154447197,-16.2379450931133,1.7062797848926703,0.1142609456313146,13.7426203017502,1.7525987843836648,0.117362695256081,7.426737529101273,0.2046234048743593,0.0137025966938442,133.56902521250677,133.59426498094246,133.61951429000788,192.0,False,-8104.403138801986,-131.14050457374776,2.336988115325987,18.52109341410649,17.08947320041361,1.8013886441904725,90.0,0.9914437532424928,0.9983347654342652,0.9992394745349884,0.9999974966049194,0.9999974966049194,,7.218500137329102,7.494345188140869,7.82824182510376,1.0105253750225527e-05,0.1784900873899459,0.268750935792923,0.1237284764647483,0.7251645624637604,1.0513041019439695,5.485653400421143,5.601595401763916,5.747135162353516,10.0,False,False,1.0,m:m,hunt,alphaPer,31.21369541153424,20.9333275,17.61754809786207,-131.14051523884797,-18.417787535620533,-11.161598462792622,-22.207093144961487,-4.072070616815247,0.0066581731739674,0.0495617355907711,0.0069606064483167,0.1385278095058159,1.1060465005905302,0.1564915374981838,59.0,153.08565082800877,183.393837686651,211.63218722121096,0.0,2.0,3.0,1.0,2.0,4.0,0.7906368045390216,Platais_8
Platais_9,5198.0,Platais_9,o,20.701744234891446,251,18.2982228499382,213.0,138.32068635560023,-43.55757013126996,266.68090830826213,3.437693872579686,1.749829816844813,1.827164306415038,6.2118175437532175,8.050938388376784,5.659599945838693,5.909894498106723,20.164145963741777,26.20432234174034,-24.559244130057092,2.0918721492370858,0.1433327179059904,13.30087256295807,0.618550629777683,0.0423823907980377,5.447850764262467,0.3809476628855924,0.0261021037644392,185.19752777103523,185.25822586185768,185.3188793967705,172.0,False,-8132.651607575528,-184.6146810399084,31.93575114136887,15.0104035896943,9.465567318026576,1.156403099760509,67.0,0.5321555137634277,0.9074236154556274,0.9521575272083282,0.9990793466567992,0.9990793466567992,,7.309582710266113,7.565950870513916,7.820671081542969,0.0001965332776308,0.0931283831596374,0.1517804265022277,0.1218688488006591,0.6215214729309082,0.9164776802062988,6.208245277404785,6.369507551193237,6.518017292022705,80.0,False,False,1.0,m:m,hunt,m6,36.80873314732367,16.185004,-10.706536860036522,-184.61467468259485,11.108654724465572,-23.8497219310654,-15.757143281929562,-6.068542871229146,0.0070132143817929,0.1209300737017144,0.0072766178358492,0.1225262145236834,0.4160716626655464,0.1081818025111086,59.0,195.02557600034345,225.0047148953044,256.924003783834,1.0,2.0,3.0,1.0,2.0,3.0,0.6976334762054076,Platais_9
Pozzo_1,5201.0,"Pozzo_1,Theia_22,Theia_99",o,22.865509846662963,365,23.170194185484583,361.0,122.37463461671416,-47.353670969821614,262.8140571730132,-7.699785368551175,0.421341596903425,0.4451197227823322,1.4836627229794992,1.9926823141606016,2.550964273428243,2.694931841652789,8.984511764818812,12.069115112161244,-6.363937721712574,0.3143151492327106,0.0165429025911952,9.43673891195998,0.5455423495218936,0.0287127552379944,2.8467181923321703,0.123436783275674,0.0064966728039828,346.7178273030842,346.8844589115679,347.0512507624244,335.0,False,-8165.092982947196,-341.05667163520155,-25.56672527107793,14.00138401865675,22.323288491152866,2.450299241767765,83.0,0.9604705572128296,0.9906701445579528,0.9949033856391908,0.9999690055847168,0.99999737739563,,6.69847297668457,6.971465110778809,7.148552417755127,0.1489144563674926,0.3547426611185074,0.5095197558403015,0.4362750351428985,0.9808403551578522,1.4526244401931765,7.542343616485596,7.696333169937134,7.86042308807373,40.0,False,False,3.0,m:m,hunt,gamma_velorum,9.36407990161521,15.658601,-43.0004820363136,-341.0567799016878,-46.47643770888149,-20.893660355550065,-14.781654719772824,-2.9122023529372614,0.0413318299667224,0.3278219259030948,0.0446728996949588,0.2042025965576182,1.517990440463043,0.1987173739894357,42.0,378.60690542153696,435.8870696165707,523.7931183137872,0.0,2.0,3.0,3.0,5.0,7.0,0.2608188547309649,Pozzo_1
RSG_5,5206.0,"LISC-III_3723,RSG_5",o,18.19130816581786,170,18.191308165817865,170.0,303.9087025995859,45.73801652732472,82.02120785640788,5.938108365840734,0.7218305113840973,1.0054298936304258,2.155996834519484,2.155996834519484,4.201770545677534,5.852891780992915,12.555305572429695,12.555305572429695,3.645094185240028,0.2312556621792408,0.0177364996364192,1.5969339085045626,0.2298262136458355,0.0176268659385711,2.9665347598039697,0.0563462631078418,0.0043215611056096,333.2903096076849,333.50070142473953,333.71135903216043,152.0,False,-8075.841213769248,328.4999939351069,55.18453656373678,-3.413243602063478,20.68198457924302,3.191299504441524,42.0,0.9765596389770508,0.9938676357269288,0.9964317381381989,0.9998828172683716,0.9999756813049316,,7.036805152893066,7.35913348197937,7.555366516113281,2.0784564469522598e-07,0.0889274775981903,0.1507640480995178,0.027848195284605,0.5112950801849365,0.7589898109436035,7.435086250305176,7.610421180725098,7.767444610595703,80.0,False,False,2.0,1:m,hunt,none,22.8630139839913,-7.0998416,46.04368795986855,328.5000874438267,34.50201732139257,-6.22070740947018,-6.006439463533201,-4.28194931534763,0.0581308172169485,0.4147360775180004,0.0435592923024046,0.115773861560732,0.8786940986484311,0.099213277367517,31.0,108.85389497671515,136.25493364156534,173.19534486824233,0.0,1.0,2.0,0.0,1.0,3.0,0.4736157969429985,RSG_5
RSG_8,5207.0,RSG_8,o,15.81228686048444,151,15.81228686048444,151.0,345.452960361296,59.50879451788753,109.42476663597836,-0.4570151318106388,0.7459768940334075,0.8079980162601363,2.582540147429572,2.5825401474295564,6.268376657895671,6.789601012587146,21.714333363069183,21.71433336306905,5.6637284354539,0.2877294585021261,0.0234150912577505,-1.7157011749995994,0.1938379707032054,0.015774310342989,2.057018195859881,0.0668433253403982,0.0054396326707901,480.91305197171977,481.4240706455298,481.9361764924444,124.0,False,-8282.08378694212,454.0066378433449,17.370461256358332,-9.65620405011027,11.245228227066278,1.9878942838372355,32.0,0.9675537943840028,0.9912350177764891,0.9950450360774994,0.9999477863311768,0.9999477863311768,,6.90841007232666,7.133143186569214,7.349369525909424,0.2310721278190612,0.4203036576509475,0.5912691354751587,0.1108947545289993,0.6248935461044312,0.9110060930252076,8.20732593536377,8.38162612915039,8.541926383972168,40.0,False,False,1.0,m:m,hunt,none,13.58761355358593,-7.419587799999999,-160.10154073474558,454.0064832761793,-3.839999279799258,-6.981747394773151,-10.91024688646586,-8.772289673316152,0.3402484880157033,0.964856545259522,0.0081607831064047,0.7225159445482401,2.1228467785170486,0.075013103687222,16.0,178.97278146236178,235.13966624423196,284.3522731358203,0.0,1.0,2.0,1.0,3.0,4.0,0.9915376849939675,RSG_8
Sigma_Orionis,5349.0,"Sigma_Orionis,UBC_205",o,5.940406895527681,181,7.23790408465488,118.0,84.70986393758713,-2.6097557030690552,206.83665468761444,-17.319845351361714,0.1273007757306731,0.3042277998424409,0.3152183961604945,1.2891298399679905,0.88001923613658,2.103116733128448,2.179095868909026,8.913132341355228,1.4799904064313705,0.3615041693834568,0.0332791562598826,-0.6096480058573633,0.3353400930723617,0.0308705578046077,2.4997760215177687,0.050446362214447,0.0046439640619925,395.695139076358,396.0801092025292,396.46582912979176,164.0,False,-8459.670480301702,-170.70163606598956,-96.25154174629996,24.974236150839584,23.13214543431569,4.154655967257552,31.0,0.4376183152198791,0.7275277376174927,0.8246087431907654,0.9800007343292236,0.994082808494568,,6.4258341789245605,6.571964263916016,6.652219772338867,0.5941535234451294,0.9019118249416352,1.1929503679275513,1.9037845134735107,2.2491339445114136,2.859258890151977,7.788731098175049,7.90700101852417,8.093852043151855,80.0,False,False,2.0,1:m,hunt,none,3.73219446030374,30.50288,-337.3962541535568,-170.70212311355317,-117.91524818089115,-25.57471406669148,-15.690739310183629,-6.722080289787954,0.6565033969151273,0.3321510606743629,0.2294387090130669,0.4396792445267185,0.2864743533914369,0.2275389318549772,40.0,225.2145061602333,249.93178727918627,321.6213730231881,0.0,0.0,0.0,1.0,3.0,5.0,0.269839726020446,Sigma_Orionis
Stephenson_1,5359.0,"MWSC_3018,OCL_137,Stephenson_1,delta_Lyr",o,21.086136368716616,322,22.877637254180517,269.0,283.57834457084755,36.88066357825914,66.89322787770814,15.350747653961664,0.4881399133256074,0.5813551549851569,1.5902082368395172,3.301595239861684,3.021833191690649,3.598919161511737,9.84648426876539,20.46070305427585,1.120889820788944,0.2116968519454325,0.0129073848669134,-3.0177834867574056,0.252144201762909,0.0153735033100701,2.7978953535455124,0.0625501289038586,0.0038137486685217,354.50193035905335,354.68130034595663,354.86085193908986,218.0,False,-7987.505941702723,314.5880760349969,114.35040888025712,-20.126707394592245,12.546725273037469,1.4890223424438132,71.0,0.9595794677734376,0.9907368421554564,0.9949690401554108,0.9999164342880248,0.9999637603759766,,7.163497447967529,7.4253928661346436,7.699929237365723,0.010497361421585,0.1737541854381561,0.2515665888786316,0.1899118721485138,0.6432737112045288,0.9974435567855836,7.588586330413818,7.7255401611328125,7.92244815826416,20.0,False,False,1.0,1:1,hunt,alphaPer,26.6313306117334,-18.47996,134.22724772583143,314.5883388099045,93.8938116590847,-2.8152843091482804,-16.64292468745021,-8.213157067763731,0.1358319589747907,0.3183492998265365,0.0950163293171897,0.1982055573984844,0.4571760461431593,0.1480291972109134,51.0,280.0396065991123,338.1726750891908,419.3270305270777,1.0,2.0,4.0,2.0,3.0,6.0,0.5005657485268068,Delta_Lyrae_cluster / Stephenson_1
Stock_7,5364.0,"Stock_7,Theia_964",o,23.370158498242542,255,22.382427153805736,236.0,37.42435733892415,60.655122768902814,134.6871887497095,0.0457170377011862,0.3259574467251726,0.1599767120777329,2.3100540413162705,2.920594135812608,3.806412515564328,1.8681345621088172,26.9903061632728,34.134838024928946,-3.5333439340801926,0.1960067317257474,0.0127589514741427,0.4288451031434324,0.2026270378778508,0.0131898966982937,1.4609266130347205,0.0621031219153164,0.0040425689053321,668.2984503380775,669.0720570004625,669.847456756464,213.0,False,-8592.485255280628,475.6815699910784,22.53884740959608,-8.369185427631217,9.557934852815407,1.2659793979273724,57.0,0.99040025472641,0.9974608421325684,0.9985452890396118,0.999990940093994,0.999990940093994,,7.520770072937012,7.750760078430176,7.918363571166992,1.4822018146514893,1.689468264579773,1.85736620426178,1.2579237222671509,1.6211910843849182,2.0406126976013184,8.87830638885498,9.045609474182127,9.147459983825684,80.0,False,False,2.0,1:m,hunt,none,56.33263659274816,-8.781524000000001,-470.5152410540858,475.6811330996284,0.5338611232615449,14.519845031422385,2.112053153221245,-2.9162054504457338,1.0893163459985544,1.101276193748049,0.0012359719671053,1.0154435132774002,0.9434656237677008,0.0949382664004642,31.0,687.225621629539,784.6629682413,909.5123500836012,5.0,8.0,10.0,5.0,8.0,10.0,1.0,Stock_7
Teutsch_38,5401.0,"ASCC_49,MWSC_1569,Teutsch_38",o,20.788637398940143,182,20.788637398940143,182.0,131.74483113727558,-37.85376068892654,259.097298935321,3.4191227370679527,0.588018005131534,0.6751566438582655,1.959504764412478,1.959504764412485,6.601329652028244,7.579668224769406,22.00600662250009,22.006006622500173,-8.4793815107108,0.1863622249522728,0.0138140871897314,3.6574939581135126,0.2171607166252116,0.0160970232804073,1.4955438579547535,0.0844311654874926,0.0062584543722504,642.4485586266105,643.2031770075232,643.9595702186627,143.0,False,-8243.315386730026,-630.4689230877076,59.47011724873752,24.61440363846266,10.671977943428988,1.5092455944943803,50.0,0.9821786880493164,0.995896577835083,0.9976404309272766,0.9999621510505676,0.9999621510505676,,7.085400104522705,7.29896879196167,7.515749454498291,0.0600702166557312,0.1817135214805603,0.2754533588886261,0.2274747192859649,0.7009562253952026,1.017587184906006,8.851078033447266,9.010457038879396,9.164924621582031,20.0,False,False,2.0,1:m,hunt,m6,19.90530296005104,27.062235,-121.44001339456932,-630.4689797075871,38.36034001116269,-30.23918804746616,-22.28445979666653,-11.992559403784334,0.2852866318725091,1.4810964417177956,0.0901160325445005,0.2822771036482513,1.257840047483711,0.1760374141291069,24.0,380.3234610417601,459.1919498687457,573.0308834828166,1.0,3.0,5.0,2.0,5.0,7.0,0.3450428508281515,Teutsch_38
Teutsch_39,5402.0,"MWSC_3643,OCSN_29,Teutsch_39,Teutsch_J2236.4+3747",o,6.120922214510627,60,6.120922214510627,60.0,339.123868059476,37.77103916084006,95.47555274786367,-17.803106937469863,0.4397693085607884,0.6177568562741234,1.3079775355136296,1.3079775355136114,3.768880347194598,5.294358042388964,11.2112656109617,11.211265610961542,-1.6000444661572226,0.2355258796266864,0.0304062603131669,-6.122033570521493,0.183586580084624,0.0237009255751641,2.011359240531014,0.0511612560600447,0.0066048897563868,490.0704265721185,491.0226626821344,491.9786064997223,51.0,False,-8166.967226024487,465.3759897245672,-129.21331949675314,-13.14331069018426,10.71753472161084,2.7672555659465683,15.0,0.7706649303436279,0.9604030251502992,0.9807214736938475,0.9999390244483948,0.9999390244483948,,6.9109416007995605,7.161548614501953,7.345752716064453,0.1053927242755889,0.2716634273529053,0.3772280514240265,0.1155281066894531,0.5607050955295563,0.8682690262794495,8.237560272216797,8.407960891723633,8.568314552307129,40.0,False,False,2.0,1:m,hunt,none,14.5060314432232,-12.745102,-44.61018418750943,465.3757277129629,-150.12867410937724,12.291696711970967,-14.294306164210896,-5.987539819302768,0.173361159275899,1.808512498313689,0.5834201642109917,0.1148320734159685,1.122334933606812,0.3966494110036018,9.0,80.89457575793733,106.6076389853539,155.30901891496475,0.0,0.0,1.0,0.0,1.0,2.0,1.0,Teutsch_39
Teutsch_179,5442.0,"LISC-III_3755,Teutsch_179,UBC_9",o,17.041050784071555,112,17.041050784071555,112.0,276.62440080645337,26.40809358620052,54.4741633035668,16.820684285486873,0.4808431726920602,0.5122133385952965,1.683515342729061,1.683515342729086,2.866615837068757,3.053643259371854,10.039172876650952,10.039172876651104,0.5373866932954015,0.2490626250428013,0.0235342059551492,-5.340052158532356,0.2840303088002797,0.0268383414960864,2.89703004096639,0.0931777378011782,0.0088044686410535,341.3039300483846,341.5690235379668,341.83452914810954,92.0,False,-7931.736992189576,266.0931938505201,119.1561490708082,-21.97124339006537,10.222008053309365,1.703668008884894,36.0,0.1670021414756775,0.5901927351951599,0.7768567204475403,0.9967329502105712,0.9980089664459229,,7.213328838348389,7.488799571990967,7.717947959899902,0.0344972014427185,0.2059514969587326,0.3174284100532532,0.1482047140598297,0.7006838023662567,1.0051387548446655,7.475131988525391,7.636982679367065,7.812039852142334,20.0,False,False,3.0,1:m,hunt,alphaPer,30.8176537944635,-19.3504305,189.9837593140153,266.0935157590528,98.8423487609493,-3.4073062015554574,-18.22793022428737,-9.509835280998963,0.2951239858059011,0.4133541690694073,0.1535433767500791,0.5060799452187008,0.6201512446047096,0.2267488087412794,27.0,129.2775887385404,168.1594395526464,239.82828480956607,1.0,2.0,3.0,1.0,2.0,3.0,0.5614870201562685,Teutsch_179
Teutsch_181,5443.0,Teutsch_181,o,8.413914195899906,60,8.690806912786813,59.0,333.21308695607934,54.00757814539194,100.89642348927568,-1.9366665034943935,1.4722468024609914,2.612641059727534,2.612641059727534,3.271688469599166,13.257938365947693,23.53860277521881,23.53860277521881,29.48791750126276,4.115638378229018,0.2911092454106445,0.0378991956364612,-0.9368261251182974,0.2579671422073432,0.0335844613128093,1.9189171988681968,0.0655688230043441,0.0085363336612299,515.0032151499124,515.8487838515912,516.6971337486258,52.0,False,-8219.474528774674,506.2590682993268,3.6172514626341794,-13.53365365319556,7.960823439067336,2.2980917777583043,12.0,0.9547024965286256,0.9907093048095704,0.9954102039337158,0.999963402748108,0.999963402748108,,6.940225124359131,7.194575786590576,7.372958183288574,0.2972990274429321,0.5748814344406128,0.7299363613128662,0.0479195937514305,0.5102769732475281,0.7422347068786621,8.371176719665527,8.535633563995361,8.69306468963623,40.0,False,False,1.0,m:m,hunt,none,15.652214344759733,-12.763414,-97.45733471681356,506.2589520382995,-17.432991485774608,-5.44604659420454,-9.609104414604726,-6.847829928552391,0.320025552110863,1.6624279856196722,0.0572455910208304,0.42593451143804,1.7587365728370563,0.1807155216664951,8.0,82.16169709503784,101.320395097661,167.21000884898547,0.0,0.0,1.0,0.0,1.0,2.0,0.9680202876059266,Teutsch_181
Teutsch_312,5462.0,"Teutsch_312,Teutsch_J2101.7+2938,Theia_276,UPK_108",o,11.469153843489352,116,11.77587607072611,110.0,315.43687126181203,29.651452241090457,74.68394049244493,-11.00338673715576,0.473186454588338,0.5898273127167071,1.500479938901372,1.8223458220480189,6.942058884995522,8.653391174816383,22.017885465944527,26.743817002536264,0.9937020234231742,0.2309214408341782,0.0220174954890078,-4.744590766712774,0.2762229776808336,0.0263368275508695,1.1574313394625482,0.0746647550048411,0.0071190050632303,838.3372426094071,840.5600549569212,842.7946860090372,92.0,False,-7904.437376347258,795.8021667862863,-140.19133666140922,-9.219971777200096,9.94132354936281,2.119497302247051,22.0,0.391289472579956,0.8570927977561951,0.9340942203998566,0.9994969367980956,0.9994969367980956,TP,7.209752082824707,7.459532737731934,7.68549108505249,0.0548900663852691,0.1880911290645599,0.2802907526493072,0.482175350189209,0.9522060453891754,1.3061729669570925,9.460975646972656,9.606573581695557,9.800415992736816,80.0,False,False,3.0,1:m,hunt,none,28.809302101815312,-10.244324,217.9465965837033,795.8021338685328,-160.43519176618292,7.962475218689584,-16.544272068622703,-12.935291002427398,1.155758726202606,4.220094623941691,0.850778932914352,0.7527250440081581,2.6599064454852384,0.7911133307123519,13.0,203.7495997363684,248.53986593039247,333.59318243791745,1.0,2.0,4.0,1.0,3.0,5.0,0.974889950567946,Teutsch_312
Theia_13,5481.0,"Collinder_70,Gulliver_6,Theia_13,UBC_17b",o,17.409520715990677,249,18.070444704551463,240.0,83.1324302930099,-1.752765937528817,205.2673306989697,-18.313296888559893,0.3389608374375231,0.4936026388849538,0.9907356420255282,1.362671393355947,2.418755930318868,3.522294574056362,7.070311226495763,9.725467578746285,0.1040102495250226,0.2389132899169432,0.015421786550599,-0.2218419958225497,0.2478588435964849,0.0159992195576569,2.409688652834256,0.0631897713419057,0.0040788822009642,408.460327822982,408.846316162205,409.2330346968048,227.0,False,-8473.305674253364,-165.67375812490312,-106.76616076168128,25.82832854542861,21.020337770285234,2.7842117533179267,57.0,0.6546292304992676,0.9015489816665648,0.942322552204132,0.9945889711380004,0.9973515272140504,,6.6100239753723145,6.808747291564941,6.980823993682861,0.1145868599414825,0.298634797334671,0.4083296060562134,0.4126083850860595,0.9782775938510896,1.3943101167678833,7.839647769927978,8.003337383270264,8.16059684753418,40.0,False,False,4.0,m:m,hunt,none,6.437945436121879,30.5951,-351.0044958019611,-165.6742733264926,-128.46473961346453,-26.12472031667621,-13.01119196214518,-9.462804410965449,0.663387624951099,0.3131192449442892,0.2427943787655238,1.1019188710446586,0.5141850102059631,0.4130699368408992,47.0,234.02885153971616,274.8440163661384,360.2818727324261,0.0,0.0,1.0,1.0,3.0,5.0,0.2598937290788927,Theia_13
Theia_23,5484.0,"CWWL_3567,PHOC_39,Theia_23",o,17.219219755812222,121,16.195599025302656,98.0,277.9382595657554,-3.925110127805186,27.189973046841,2.576662881091816,0.3783223005757203,0.3609527153717961,1.4342841170659255,1.5962347093557714,2.487505427584803,2.3732956437056507,9.432388990263124,10.497960001199331,2.067698557390184,0.1785297252691237,0.0180342256258812,-9.001374214098343,0.2487071135912159,0.0251232123642402,2.601002303749357,0.0526228078670067,0.0053157063268338,376.2820085785058,376.719773031309,377.1585572561008,76.0,False,-7787.17887915072,171.9648127163233,36.87924356547322,-9.589677476216366,18.76907404863502,2.931236901341141,41.0,0.9605653285980223,0.9903748631477356,0.9949784874916076,0.9999850988388062,0.9999850988388062,,7.041738986968994,7.330976009368896,7.547142028808594,2.4197957515716557,2.7496384382247925,3.1200501918792725,2.1007885932922363,2.446204423904419,2.8781089782714844,7.67376184463501,7.843355178833008,7.957191944122314,10.0,False,False,3.0,1:m,hunt,alphaPer,21.427722301065184,-8.0025,334.75207531538166,171.9651489812574,16.935849570062768,0.1171727054959296,-14.31816314886055,-11.094526261972469,0.7788985605369589,0.4001271892872751,0.0394062048432886,1.160715701412497,0.6547762584373634,0.098257491306281,8.0,281.35280450909005,326.64426734850963,410.6095237029807,1.0,2.0,4.0,2.0,4.0,5.0,0.3561114657310906,Theia_23
Theia_35,5488.0,"OCSN_80,Theia_35",o,15.849086463506543,156,15.849086463506543,156.0,107.5973152711732,-19.414266952816085,232.35104423119245,-4.717156668961997,1.3065655544070949,0.9101242067807508,6.487072798152382,6.487072798152379,9.243684395264266,6.438368211606847,46.0838431736064,46.08384317360638,-8.061554173268014,0.5091874420867086,0.0407676225210396,3.701581937321655,0.3777285410321273,0.0302424869574818,2.376998357670525,0.1559465533828531,0.0124857168427313,404.8629311594248,405.28566944248126,405.70929145400544,108.0,False,-8368.777003658344,-319.8050303467425,-11.898332057391428,22.11808977822749,10.016187619536964,1.717762005272503,34.0,0.0837908387184143,0.3990651071071625,0.602630078792572,0.98803448677063,0.98803448677063,,7.211495399475098,7.477969646453857,7.773161888122559,0.0008324271766468,0.1395349651575088,0.2209746837615966,0.1936874687671661,0.7071547508239746,1.036023497581482,7.832718372344971,7.997809886932373,8.18396282196045,80.0,False,False,2.0,1:m,hunt,cr135,30.05866210418905,23.232826000000003,-246.71883978347745,-319.8053088024616,-33.32945263722592,-24.036806533909388,-8.478397227676094,-12.427695517774024,0.5152243112986525,0.6678511868896067,0.0696020794198375,1.0091398943761405,1.1943596906889558,0.177871281881559,26.0,127.8458592363536,155.0525169598015,220.09881913852192,0.0,1.0,3.0,0.0,1.0,3.0,0.6422864058372775,Theia_35
Theia_38,5489.0,"OCSN_13,OC_0083,Theia_38",o,99.0,1108,99.0,790.0,291.74519223873887,21.116555367079837,55.67424506478212,2.065142307323628,1.2859620050016154,1.0700618707761895,5.442581610768845,5.61508623291441,11.198929328141418,9.318259924969048,47.53236189712011,49.04845807213033,1.1808871075977028,0.523643551490248,0.0186304014856254,-6.10106144192066,0.5704298147476072,0.0202949820309527,1.9807248615951465,0.0819228798981207,0.0029146852644648,498.5851419490995,498.8822659588066,499.1797443124835,639.0,False,-7840.792226415534,411.73149509941214,38.05856032816744,-11.228794486970669,23.136739377927658,1.8891068595893816,150.0,0.4224685132503509,0.7791996002197266,0.8632908463478088,0.9878705739974976,0.9975537061691284,,6.547386646270752,6.761762857437134,6.86661958694458,0.5291751623153687,0.7719967365264893,1.013255000114441,1.595400094985962,2.04956603050232,2.5646276473999023,8.272520065307617,8.43666934967041,8.591920852661133,20.0,False,False,3.0,1:m,hunt,alphaPer,5.77780469469341,-10.153701000000002,281.1356621538406,411.73178302052224,17.977586163234704,4.587359128414324,-13.842110880946873,-9.327958111921792,0.3350769120383461,0.4907303946629895,0.021426929658574,0.6205916542901525,0.9019314863424626,0.1923850963818288,94.0,1116.1302140514929,1200.9743323555658,1351.8457390500118,1.0,2.0,4.0,10.0,12.0,16.0,0.5244345910041205,Theia_38
Theia_53,5493.0,"OCSN_8,Theia_53",m,7.729703591650302,123,9.78054286086923,110.0,298.74822313732216,-8.147208923109492,32.77838052269328,-17.80713008136954,10.240246900057976,20.47745206553649,20.47745206553649,34.48354701103772,23.52092159643375,48.62100713628431,48.62100713628431,89.42823358248722,8.779908600854373,3.9271958320221056,0.3744434306474295,-25.001729009668527,4.142440368535897,0.3949661919579701,7.6963576366245,0.5811135739909578,0.0554070052903178,130.14665819805495,130.19896695149768,130.2513198195146,109.0,False,-8017.85248860994,67.11149876244076,-19.283170971773387,-10.59624996452965,15.664483502689588,2.2609734417485714,48.0,0.1757309436798095,0.5421739816665649,0.7018173336982727,0.9892082810401917,0.9892082810401917,,7.272500991821289,7.5530290603637695,7.808063983917236,0.0956541001796722,0.3114680349826813,0.4319478869438171,0.3822064101696014,0.968186765909195,1.362538456916809,5.369298934936523,5.526067495346069,5.645552158355713,20.0,False,False,2.0,1:m,hunt,alphaPer,35.7296745492336,-12.866547,104.22306747801012,67.11153722707732,-39.81663938267428,-4.781735157069134,-17.293471603360928,-9.183312305134736,0.0837806588727403,0.0539482184021693,0.0320069670016494,2.0387010192923625,2.0450548511813613,0.7540094721131964,35.0,107.20877884359383,127.01438290325422,143.22621968157208,0.0,1.0,2.0,0.0,1.0,3.0,0.8184251245691578,Theia_53
Theia_54,5494.0,Theia_54,o,10.23469874882614,48,10.23469874882614,48.0,73.99936217050376,30.41623857811682,172.63763425818922,-8.024490122907235,1.9036953095957785,3.662255420532978,4.991734459516111,4.991734459516111,5.168512873304918,9.952884149184134,13.58190029899995,13.58190029899995,4.403390597966863,0.5857414133164335,0.0845444906634386,-25.132689444241464,0.8871593278580489,0.128050419188233,6.356523173962214,0.106864774265578,0.01542460154728,155.38606099502323,155.50019589089115,155.61449857980162,43.0,False,-8274.736560629079,19.73151181058713,-0.516302865603123,17.36941239490198,9.27058901789024,2.31764725447256,16.0,0.2400985360145568,0.6430671215057373,0.7838278114795685,0.9818094968795776,0.988739848136902,,6.4743499755859375,6.612532377243042,6.737543106079102,0.1982038021087646,0.4247662723064422,0.560714840888977,0.4331452250480652,1.102180898189545,1.5689362287521362,5.7617506980896,5.921449184417725,6.058688640594482,20.0,False,False,1.0,1:1,hunt,alphaPer,4.09762657037063,15.3871165,-152.70815309465368,19.731337875918648,-21.707261599558088,-16.028713569026838,-15.46483972726928,-10.462392744908142,0.2243359339134656,0.0289863246988062,0.0318890557246405,1.1110043897214923,0.1640101060012112,0.1524442264973477,12.0,21.618092006189627,30.194142957920494,38.53892859362049,0.0,0.0,0.0,0.0,0.0,1.0,0.2942987054375401,Theia_54
Theia_58,5495.0,"OCSN_83,Theia_58",o,21.50097337905193,288,21.50097337905193,288.0,120.2163347367064,-30.74983591970282,247.81858696040865,-0.2844591960774809,1.2251820764639891,1.5231375585327729,3.891020264485196,3.891020264485186,10.356529576952072,12.876234072410483,32.936638233201975,32.9366382332019,-8.816216267355887,0.4235209650680871,0.0249562121978596,5.51969882633324,0.2646007203879765,0.0155917469744319,2.038088116036391,0.0818305864009176,0.0048219135460467,483.878837891426,484.2504648858988,484.62266315054046,229.0,False,-8304.801206006736,-448.4068935402672,18.863113073195,27.13958883483477,6.32728698232688,0.7788351885087386,66.0,0.9591126441955566,0.9887343645095824,0.9940875172615052,0.9999040961265564,0.9999040961265564,,7.109516620635986,7.372851848602295,7.647429466247559,0.0039021670818328,0.1511403918266296,0.2424106299877166,0.1471018940210342,0.5714441537857056,0.9189944267272948,8.262887954711914,8.406725883483887,8.601581573486328,10.0,False,False,2.0,1:m,hunt,m6,23.596731377380387,28.0266845,-182.82186641972967,-448.4070671343847,-2.404172405385836,-30.79850627189688,-17.30942029227617,-11.046881229720276,0.2808206331685596,0.6887685755316397,0.00369289095633,0.274178019170926,0.6663265611690944,0.0779114316354963,53.0,329.912625531914,380.7212581094788,481.0765528376226,1.0,3.0,4.0,2.0,4.0,6.0,0.4070194162149411,Theia_58
Theia_65,5496.0,Theia_65,o,9.824932930772636,37,9.907907485080052,36.0,84.2585977028152,23.516308509976657,183.5921296123412,-4.494496540496875,2.247573769965069,3.848564965463853,6.13407404552636,9.92479240291248,4.22628229925142,7.243932047542423,11.572693064080202,18.84158844867712,6.164810449239368,1.6083837116816624,0.2680639519469437,-37.62580833283793,1.2562909007431742,0.209381816790529,9.263436917349871,0.2686654907982978,0.0447775817997163,107.63149123412047,107.68230314959276,107.7331630634746,37.0,False,-8229.134877004699,-6.725806231367258,12.635900077758624,11.256973139479408,10.03083737802578,2.301231918416046,19.0,0.9573122262954712,0.9932310581207277,0.9971898198127748,0.9999951124191284,0.9999951124191284,,6.705442905426025,6.970135688781738,7.192687511444092,0.0985849499702453,0.3448947221040725,0.4867734909057617,0.0025513172149658,0.5116416215896606,0.779495120048523,5.048519134521484,5.145124673843384,5.2886481285095215,20.0,False,False,1.0,1:1,hunt,alphaPer,9.335459276276763,13.65253725,-107.14025748163256,-6.725918288552805,-8.438344715995328,-12.12158956830168,-18.68700907726276,-8.626624244288731,0.1011600389016251,0.0063504995387617,0.007967343926559,3.001097132780918,0.1530882935631173,0.2699808751276198,14.0,20.483875560497346,29.59454054269609,40.95182779873879,0.0,0.0,0.0,0.0,0.0,1.0,0.3620779722045181,Theia_65
Theia_66,5497.0,"OCSN_53,Theia_66",o,9.616968729618115,39,9.616968729618115,39.0,68.143952061932,18.10314319398119,179.11476311265338,-19.881339093421417,0.6110086554813879,0.2796690466725626,4.669959712887411,4.6699597128874215,1.531792080157194,0.7011062600441501,11.733088084363043,11.73308808436307,12.201821455003357,0.6650744280893867,0.1064971403129276,-18.932036023476964,0.8905734114664395,0.1426058762060191,6.879664731327782,0.1288290692508016,0.0206291610155585,143.5346532957455,143.6344534376912,143.73439245896944,38.0,False,-8257.155510218594,2.0870431181345808,-27.700395698342284,18.98948479462332,6.618334088169638,1.559956304634279,18.0,0.236167311668396,0.6227179169654846,0.7692024409770966,0.9919360876083374,0.9919360876083374,,6.5192484855651855,6.7939088344573975,6.94922399520874,0.1557095050811767,0.4402739703655243,0.6150939464569092,0.6369659304618835,1.4679168462753296,1.8918529748916624,5.623202800750732,5.755227088928223,5.9058051109313965,20.0,False,False,2.0,1:m,hunt,alphaPer,6.2216966783135215,18.78765,-135.05756578578374,2.086845739199717,-48.84624052292804,-17.397275632279168,-15.18698176300418,-8.120606073938898,0.1878120780319534,0.0029019835544303,0.0679259535242167,1.408284692544308,0.1779290061976476,0.4265645343729912,16.0,23.95328052685579,34.752197366535825,49.37253637395604,0.0,0.0,0.0,0.0,0.0,1.0,0.3176857120443371,Theia_66
Theia_67,5498.0,"OCSN_1,Theia_67",o,8.460704614376494,56,9.15997068462295,49.0,260.3357304459681,-25.059026398096087,0.3295946055998023,6.644068691977092,1.1395132303909177,2.698377970357276,2.698377970357276,4.327391234356065,2.9141734975693736,6.904986005003317,6.904986005003317,11.086432553285348,-4.668198663692801,0.502999939330297,0.0718571341900424,-21.78088410324344,0.535514390905616,0.0765020558436594,6.752819147136332,0.1417804335574251,0.0202543476510607,146.41890599786643,146.5080198928945,146.5972423274916,51.0,False,-7976.4087810105375,0.8369640115654988,37.378629177978986,-3.6631904781310087,8.7966863790257,1.7593372758051402,25.0,0.9771770238876344,0.997689962387085,0.9992339611053468,1.0,1.0,,6.800605297088623,7.067987203598023,7.280946254730225,0.0685882270336151,0.2730074375867843,0.4020613133907318,3.037617170775775e-05,0.4511598944664001,0.7119370102882385,5.675205707550049,5.803112030029297,5.942447662353516,40.0,False,False,2.0,1:m,hunt,alphaPer,11.694649324566871,-3.4016292,145.52167428955698,0.8371242753666266,16.951148275218074,-2.1947088151188425,-14.346463824668222,-6.2700432789168135,0.1771357041934038,0.0010189863382237,0.020633720724259,1.6996977640746147,0.0717534420181038,0.2283289950257575,13.0,25.469804441405863,39.5381395980329,58.096872198643055,0.0,0.0,1.0,0.0,0.0,1.0,0.3782375508986889,Theia_67
Theia_69,5499.0,"CWNU_1181,Theia_69",o,8.707772497353227,31,8.707772497353227,31.0,102.28223928173163,-15.095648062789431,226.1826890077832,-7.319906656414997,0.73838345465827,0.5090258685730359,3.7018532634609222,3.7018532634609,2.1925055816972563,1.5114228629109032,11.006742380439931,11.006742380439864,0.1191305067006976,0.7635154568186111,0.1371314242240176,-5.3833882135871205,0.6522900235861989,0.1171547466952513,5.875231064091122,0.1448838460165191,0.0260219069225976,169.98080879029138,170.12077004646977,170.26096197923172,26.0,False,-8238.853676635965,-121.75029377621864,-0.5760468945311885,19.98345977642116,5.86866642016073,1.5152831539819471,15.0,0.5528390407562256,0.935225248336792,0.9700973331928252,0.9999786615371704,0.9999786615371704,,6.900034427642822,7.195812225341797,7.457362651824951,4.302862066651869e-08,0.1570863723754882,0.2470715343952179,0.0003334968932904,0.4621825963258743,0.6983823180198669,6.025618076324463,6.155927419662476,6.317378520965576,20.0,False,False,2.0,1:m,hunt,alphaPer,15.696839778383426,21.023851,-116.82510211518056,-121.75043428500064,-21.6749548648942,-12.537917199425298,-18.843920797688995,-4.538284442792229,0.1923864140569549,0.2004974019956336,0.0356940996909429,0.8112414818427672,0.8369452202437632,0.2153034788082675,8.0,20.587968511054022,27.6224224427168,35.66067066525271,0.0,0.0,0.0,0.0,0.0,1.0,0.4103716532522488,Theia_69
Theia_70,5500.0,"OCSN_2,Theia_70",o,11.463725783732354,78,12.47267840381764,67.0,257.116824476471,-18.20906583826592,4.346166684934627,12.985400916810477,1.0523854037477542,2.413612702250007,2.6303848703498627,4.300728419182076,3.8406018534767137,8.81252193335675,9.605062303693876,15.722962090549627,-5.644812351669607,0.7189884887791312,0.087838424172726,-11.390077862710893,0.8657666052712022,0.1057702251082274,4.763935927168598,0.1916100202659522,0.0234088897089917,208.8942385936884,209.0731491076068,209.25236634525527,68.0,False,-7918.713015223348,15.438590561130964,67.25924398537464,-19.67949876154749,27.369513706255272,6.638082113687105,17.0,0.8202818632125854,0.9538053274154664,0.9734988510608672,0.9983898401260376,0.9994733333587646,,6.953583240509033,7.203414440155029,7.396527290344238,0.2733807563781738,0.4914904087781906,0.6348069906234741,0.5801910161972046,1.1560903787612915,1.6168694496154783,6.490697860717773,6.635874271392822,6.794539928436279,40.0,False,False,2.0,1:m,hunt,none,15.974027956114648,-15.925673,203.1407576484793,15.438848529298909,46.97931689438105,-13.174926819781176,-13.549166637965955,-5.9296039560113645,0.3479659779304995,0.0264456728861759,0.0804722997732838,4.065530186113215,0.3556511486825648,0.9150220500198916,10.0,47.6649216048432,62.128868105659386,98.89073701187075,0.0,0.0,1.0,0.0,1.0,2.0,0.9201552560670956,Theia_70
Theia_72,5502.0,Theia_72,o,16.123251970358226,140,16.12325197035823,140.0,101.70235709146752,-9.78555470660022,221.1440247916024,-5.463440981134533,1.5081804417802047,1.2617585992746108,6.353897759808314,6.353897759808325,7.378484763707733,6.172485028847486,31.20608076075395,31.206080760754,-0.9888283335655303,0.561158031175352,0.0474265097622926,-4.29692427488809,0.6371608925080788,0.0538499239249821,3.4548572595929623,0.2677562035153171,0.0226295294630924,279.9959480332066,280.2439147615399,280.4923210819521,107.0,False,-8332.122358692892,-183.54974565133105,-5.344665876039979,27.42611157549709,17.518642183994878,3.1984518336785213,30.0,0.0753734707832336,0.4193331599235534,0.6337347030639648,0.991801619529724,0.991801619529724,,7.166401386260986,7.435748100280762,7.704771995544434,0.0001745155022945,0.1624005585908889,0.2417015433311462,0.0652845352888107,0.5390094518661499,0.8075540065765381,7.045436382293701,7.246436357498169,7.375730037689209,20.0,False,False,1.0,1:1,hunt,alphaPer,27.27395378602878,28.711391,-210.08121583018908,-183.5499802624961,-26.682189974213287,-18.06334448012534,-22.284269778050827,-6.432881252884689,0.3720996178437019,0.3251070174979134,0.0472599734983667,1.8913475045816743,1.6473750518841852,0.2333764309121058,15.0,94.92634492557704,120.46192378701376,156.46440488083513,0.0,1.0,2.0,0.0,1.0,2.0,0.6776722101185223,Theia_72
Theia_85,5506.0,"CWNU_149,OC_0264,Theia_85",o,7.477483515645739,47,7.477483515645739,47.0,57.68436539109119,60.20206607290312,143.51100615445094,4.703912080920908,0.7201590100500724,0.9121858056670806,2.262812859036216,2.262812859036209,7.785895882795679,9.862279971600014,24.47551493408742,24.475514934087347,-3.0577816975785166,0.1807704742792644,0.0263680836938152,-0.4966604149237454,0.1496747108996171,0.0218323004328224,1.5830293538032207,0.0411295112457384,0.0059993558081721,618.34168273465,619.4124842683979,620.4870009163998,39.0,False,-8618.153791609286,367.1047298482983,72.86657617041385,-22.461873713614505,12.890678267642327,2.6312986828423264,24.0,0.989920973777771,0.9988484978675842,0.9995043873786926,0.9999993443489076,1.0,,7.548755645751953,7.763805866241455,7.966540336608887,0.6352798938751221,0.8189974725246429,0.9688647985458374,0.1389798372983932,0.5565097630023956,0.8037288784980774,8.722001075744629,8.883092403411865,9.013721466064451,40.0,False,False,3.0,1:m,hunt,none,58.05048683251051,-22.244849,-496.3124068443407,367.1043427870739,50.79588553018888,20.87371168879376,-8.135164493621154,-8.945173772450756,1.718964433674273,1.2714558411115604,0.1759301589065387,1.470981372444273,1.1125571392300246,0.157458425835895,12.0,135.6724485253858,178.25950898810385,238.21428880021531,0.0,2.0,3.0,0.0,2.0,3.0,1.0,Theia_85
Theia_96,5509.0,"OCSN_23,Theia_96",o,14.432318535710396,140,14.448888459447929,138.0,305.2868145996723,48.924702887198336,85.21050808647075,6.929423555604455,0.8033045247069094,1.7151167202973918,2.04398256019587,2.2782772179729385,4.88752450454266,10.43767342408921,12.440612209433674,13.868063484415888,3.029661927888319,0.2627711105184656,0.0223685623923572,1.965240077835326,0.245318443343955,0.0208828927012111,2.845694713569604,0.0631269538724309,0.0053737231750813,348.32548910229445,348.58035628626635,348.8355967122033,113.0,False,-8092.973347075941,344.82578222169457,62.78146732985562,-12.674998866043651,16.42651797247077,2.817124591096729,34.0,0.9392504692077636,0.9883041977882384,0.9940951764583588,0.9999324083328248,0.9999477863311768,,7.086575031280518,7.338103771209717,7.599983215332031,9.14722477318719e-05,0.1471405923366546,0.2266139984130859,0.1179014295339584,0.6173223257064819,0.8866260647773743,7.504227638244629,7.690463542938232,7.848066806793213,80.0,False,False,2.0,1:m,hunt,none,21.78230180941216,-7.704381,28.89215113157568,344.8258708701951,42.05504928379031,-6.037644760112073,-6.185632006877617,-3.150684421542408,0.0422803691976838,0.5046133485498672,0.061542769946385,0.1134829391932093,1.0025222716339686,0.1149263984106715,27.0,141.94441416592468,177.60643082434183,206.64641270965015,0.0,1.0,2.0,1.0,2.0,3.0,0.4412326834753872,Theia_96
Theia_100,5510.0,"OCSN_35,Theia_100",o,12.446190689175062,125,13.1571781339816,114.0,346.8876043765341,46.06794338344896,104.75438372604448,-13.104965496059831,0.9941544270901423,2.0983253331615392,2.537370964895719,3.3234033016240168,8.261046328571284,17.442336726698887,21.096267770128136,27.64446002222962,-0.8257146914602349,0.2553213958517485,0.023913039674798,-3.1427980201941312,0.3749141717534991,0.0351139293825229,2.06550579261628,0.1214838338897516,0.0113780035157688,475.4383719008621,476.0584216734161,476.6800908515512,89.0,False,-8240.331905635247,448.3718605358269,-86.83620046335224,-13.655066770333828,4.3614329321419145,0.9094216322948008,23.0,0.8304605484008789,0.9570281505584716,0.97718346118927,0.999114990234375,0.9992658495903016,,6.966961860656738,7.194031000137329,7.414279937744141,0.166237324476242,0.332371175289154,0.4856254756450653,0.2639258205890655,0.6752522885799408,1.0822107791900637,8.139686584472656,8.32773208618164,8.470874786376953,20.0,False,False,2.0,1:m,hunt,none,15.632592248118486,-13.61526725,-118.083072510739,448.3715921486395,-107.93944685193358,8.402465298984598,-13.597376318908806,-2.341856536994888,0.3079999895323055,1.1695024761131665,0.2815420347187398,0.2526190309624615,0.8315576078644068,0.2337487435022194,18.0,157.48448780911997,195.19938959463735,231.2566452204968,0.0,1.0,2.0,1.0,2.0,4.0,1.0,Theia_100
Theia_105,5512.0,Theia_105,o,10.83407947886157,81,11.256306879180016,68.0,139.54080237429451,-45.84655465548831,268.93420591324514,2.4746774128183966,1.6416698028665846,2.3159402298005496,2.3159402298005496,4.672134871561298,14.644081594101596,20.664334330696704,20.664334330696704,41.75773497007518,-9.2253731281147,0.2911821549857573,0.0353110229794485,0.0616377022371445,0.3507427920958811,0.0425338111539815,1.9164298721504045,0.0687209928738037,0.0083336444798826,510.2126295089973,510.95198720497496,511.69349084199735,63.0,False,-8131.412465330192,-510.3871832039782,42.88528596068479,12.543476078994694,5.446229401558579,1.510512258866078,13.0,0.942146897315979,0.9879323840141296,0.993459403514862,0.9997961521148682,0.9999326467514038,,7.0814528465271,7.319971084594727,7.5806403160095215,0.0030505955219268,0.125578224658966,0.1908313035964965,0.0230990760028362,0.4238854199647903,0.6324705481529236,8.313071250915527,8.524994373321533,8.655476570129395,10.0,False,False,1.0,m:m,hunt,cr135,20.891570297699303,13.895649,-9.495121128391702,-510.38715963182113,22.061803789167897,-16.351824124913687,-12.85948022712934,-15.067756679780274,0.0275191369899516,1.4792243273050758,0.0639403955474051,0.1253404611497748,1.4203302370054849,0.1850369458857202,14.0,65.02765835979633,89.46482897447825,147.3727111413718,0.0,1.0,1.0,0.0,1.0,2.0,0.435735023176113,Theia_105
Theia_110,5513.0,Theia_110,o,5.83039133486371,88,6.992750389377532,57.0,130.88213797886016,-47.22909137499137,266.0455233895097,-2.9109571775463308,1.277140877073971,1.7685388051542668,1.7685388051542668,3.3455101340506563,14.770139180865808,20.45626762441947,20.45626762441947,38.72845322360031,-9.627559970501238,0.3644664999053221,0.0482747672190842,9.039500777727223,0.4592912727600113,0.0608346152088221,1.4698644586588852,0.0641661065188694,0.0084990084311124,661.5298886266328,662.5161642658129,663.5053851749717,79.0,False,-8167.690661588199,-660.085893463033,-12.729241862568706,25.34423397402651,19.684414060631592,4.4015687936824905,20.0,0.943387508392334,0.9910073280334472,0.995518684387207,0.9999878406524658,0.9999878406524658,,7.473557949066162,7.722663402557373,7.92648983001709,0.0457622706890106,0.1802482008934021,0.2759623825550079,0.2344683110713958,0.6978046894073486,0.9927507042884828,8.898300170898438,9.062600135803224,9.220019340515137,40.0,False,False,1.0,1:1,hunt,none,52.803584199522255,18.812437,-45.630713127237584,-660.0859853295365,-33.64517654166983,-42.88491372740067,-16.883237677423995,-8.128183484326534,0.1360620633022051,1.9682502193293203,0.1003234844841642,0.4017027883392118,2.929041170552376,0.2818241215498177,15.0,182.43187862136023,223.8663855718912,269.6347144497162,1.0,2.0,3.0,1.0,2.0,3.0,1.0,Theia_110
Theia_167,5521.0,Theia_167,o,10.395479561183016,52,10.395479561183016,52.0,332.02238817918,49.19212984058866,97.5097742377461,-5.446005174124584,2.8717725048808784,6.2546483391282734,7.269363664118072,7.269363664118034,16.994274836649183,37.129710183721535,43.213972759976606,43.21397275997638,4.812813232798505,0.5793813864381735,0.080345742186625,0.2608633632082567,0.3210310970746827,0.0445190031354317,2.931530278923801,0.0687172740904568,0.0095293713555098,338.42084051343977,338.7749928324358,339.1298871580797,43.0,False,-8166.131651435778,334.35317917360146,-11.238932305804134,-3.015844992076063,15.11832602255884,3.3805604692445583,20.0,0.7488620281219482,0.967799186706543,0.9850836992263794,0.9999896287918092,0.9999896287918092,,7.479087829589844,7.710215330123901,7.951232433319092,3.0320013166829085e-08,0.0695813447237014,0.1205363869667053,0.007513296790421,0.3713756650686264,0.5440929532051086,7.415677070617676,7.584670066833496,7.735306262969971,40.0,False,False,1.0,1:1,hunt,none,51.31157318868159,-5.4950058,-44.07644758368377,334.35309094712954,-32.15234223381118,-5.51439990431077,-7.005748011261732,-3.392008315029653,0.0922507798039475,0.6997917268890887,0.0672939587057754,0.2510926737248674,1.2418496631384597,0.197053340993673,17.0,38.68844209803223,53.80564206496299,90.65468083882342,0.0,0.0,2.0,0.0,0.0,2.0,0.7591154714830189,Theia_167
Theia_227,5537.0,"OCSN_4,Theia_227",o,11.39666053985612,79,11.632641843727749,75.0,272.0903692429521,-16.472805254641976,13.406716065145442,1.7289443421013746,1.4203093838900251,2.338571715911157,3.9354567539688894,4.8103635017517306,11.652022164166924,19.192048365898952,32.33018967393981,39.54844022752793,0.0186620285867849,0.3115930586597654,0.0359796672589668,-3.979283562757439,0.4588627632965117,0.0529849079820673,2.108240906549935,0.0901497017292516,0.0104095909121495,469.1891444874014,469.9503826630202,470.7140950019082,68.0,False,-7665.002959431664,108.91354989555812,33.80954354552315,-14.445326738366186,17.534035025706125,3.826240130633585,21.0,0.6048198342323303,0.9022433161735536,0.9469894766807556,0.9982367753982544,0.9982367753982544,,7.31216287612915,7.501758813858032,7.729630470275879,1.1838899850845337,1.3499862551689148,1.5768837928771973,1.5428398847579956,1.9044153094291687,2.3622143268585205,8.15174388885498,8.293988227844238,8.469917297363281,40.0,False,False,2.0,1:m,hunt,m6,31.751102783113588,-12.3251075,456.93551043125046,108.9139957667841,14.178963226009166,-10.274154790052997,-10.161985772537712,-4.764194496458346,1.4827183197086242,0.3534169989188882,0.0460095747643691,0.7046562926235713,0.2788207252941032,0.3380228837141888,6.0,155.32465071344575,201.03594216743147,280.1582715105772,1.0,2.0,3.0,1.0,3.0,3.0,0.3456176810230122,Theia_227
Theia_232,5541.0,"OCSN_43,Theia_232",o,15.352049798322009,152,15.352049798322003,152.0,16.86129444747403,50.35142000466152,125.5455554911008,-12.43907691486576,2.1600820100332667,3.497264775868406,6.025945919099935,6.025945919099962,12.137419632648411,19.6661179039946,33.96885900049126,33.96885900049141,15.35534507748289,0.8177562619866495,0.0663287914790272,-7.107699124203781,0.9567772821891072,0.0776048852111728,3.066484320590302,0.179953149375776,0.0145961278143473,321.4697141526198,321.7902881942723,322.1115022358709,111.0,False,-8304.831323430293,255.679876942986,-48.04589713061983,-12.392557700293157,7.21425997000252,1.2372353777056704,34.0,0.7366299629211426,0.9461417198181152,0.970898538827896,0.999435544013977,0.9999051690101624,,7.392131805419922,7.648576021194458,7.906131744384766,0.0250199735164642,0.1892062872648239,0.2860527336597442,0.1382883638143539,0.6689854264259338,0.95343816280365,7.358246326446533,7.506185054779053,7.687368392944336,80.0,False,False,2.0,1:m,hunt,alphaPer,44.52213899975566,-9.7546405,-182.68138412506343,255.6796052003912,-69.3140747242279,-13.474293213663495,-22.581950060990085,-7.1706286377504345,0.3643451641165995,0.5099349786742948,0.138242043938618,0.6960911417423411,1.067552584661,0.238295878221444,29.0,137.23562484638975,172.87695330941352,229.0908502434426,1.0,2.0,3.0,1.0,2.0,3.0,0.5351492443849047,Theia_232
Theia_333,5572.0,Theia_333,o,7.720304839473105,73,8.282166129903452,64.0,292.9921274699237,26.86307371402506,61.2756516389076,3.80513022397626,0.7654984126033122,1.3928216172651129,1.3928216172651129,2.157201904830636,8.324286105198354,15.1480915200622,15.1480915200622,23.467830107440022,0.8963763545692471,0.1843519873619229,0.0230439984202403,-5.637224558804332,0.3193596290225701,0.0399199536278212,1.5592346450972,0.0667166989346769,0.0083395873668346,621.7798976577651,623.0164223067429,624.2578748730076,62.0,False,-7823.108743949613,545.1445240036837,61.38137536196742,-15.97413007314949,20.619956423928997,4.61076242569887,20.0,0.6708269119262695,0.941997528076172,0.9723741710186004,0.99954092502594,0.999830722808838,,7.3428635597229,7.645874977111816,7.863086700439453,0.8149875402450562,1.0638241171836853,1.302856683731079,0.9298030734062196,1.479531466960907,1.8527380228042605,8.744998931884766,8.91669750213623,9.051560401916504,40.0,False,False,1.0,1:1,hunt,alphaPer,44.2460980201214,-14.163175,298.7592675171145,545.1448626422492,41.345389964226655,4.993625289351561,-16.88375691541397,-11.518149927798916,1.188281129105519,2.1682519116145613,0.1644466030402895,2.6472761086203227,4.958640707321921,0.4498233377064206,6.0,127.1965175307018,175.73578324925583,241.23517775153144,0.0,2.0,3.0,0.0,2.0,3.0,0.7313270776239398,Theia_333
Theia_399,5587.0,Theia_399,o,5.77739694896195,51,8.09554859152269,39.0,93.67122314772878,17.397622791759137,193.32364875385127,0.041751602912275,0.693662986836623,1.1799999430996355,1.1799999430996355,3.212990075995826,7.1738302122305,12.204633639455936,12.204633639455936,33.26184284857349,-0.4510143424338477,0.2697871301589206,0.0432005150727207,-4.558930438935479,0.2259943031969262,0.0361880505413909,1.668845746765346,0.0648836848026573,0.0103897046595207,590.8569928119113,592.52132495613,594.1950598022871,40.0,False,-8698.543271338194,-136.5467944355151,22.70731656690325,18.312339886250133,7.840448228251884,2.263342447574275,12.0,0.4615763127803802,0.8992146253585815,0.9457210302352904,0.9996204972267152,0.9996204972267152,,7.135700702667236,7.42980170249939,7.599693775177002,0.0845893025398254,0.2410529553890228,0.3480624556541443,0.4293450713157654,0.9455609917640686,1.3318367004394531,8.662202835083008,8.82561731338501,9.00701904296875,40.0,False,False,1.0,1:1,hunt,none,26.903061380867857,17.139255,-576.5727714124179,-136.5473301332455,0.4317719925874286,-13.502784212703617,-14.41760624158078,-7.337545639958531,3.248218173318719,0.7692619930186027,0.0024324590105209,2.999206793451429,0.2508511785234649,0.2711670859819714,5.0,91.4846816821608,137.58591312147695,208.15055154747927,0.0,1.0,3.0,0.0,1.0,3.0,1.0,Theia_399
Theia_439,5594.0,Theia_439,m,6.298285421505613,30,6.298285421505613,30.0,184.32043189423447,-57.51780974548815,298.3403843825083,5.049117846332725,3.2063472291277613,5.885012321787832,5.885012321787832,5.885012321787829,24.730616047220547,45.50395040525849,45.50395040525849,45.50395040525847,-12.624108922397626,0.4849251050316551,0.0885348062421331,-7.985141255962958,0.8507361288030826,0.1553224560766896,2.2167894240141206,0.0668099878574262,0.0121977791387195,440.71535613546246,441.4620015958698,442.21118123395854,29.0,False,-7913.122315376297,-387.0422102492571,59.11794541324212,0.3608059614454052,5.351115536740069,1.4841324191267944,13.0,0.7092232704162598,0.9623786211013794,0.9810857772827148,0.9999754428863524,0.9999754428863524,,7.328022480010986,7.57783579826355,7.813603401184082,0.2312703132629394,0.4829610288143158,0.6289986371994019,0.0617914423346519,0.5893638730049133,0.8176652193069458,8.02073860168457,8.178178787231445,8.336527824401855,20.0,False,False,1.0,1:1,hunt,m6,37.82995269849738,1.9288455,208.7526513428744,-387.0419589978503,38.85294564712248,-20.0504237656998,-16.13422370239031,-18.885356444433658,0.7073257814432168,1.311431276864596,0.1316471429916248,0.5995314595830001,1.075857505406904,0.1894663613670403,9.0,71.67631722491201,94.59813828126336,140.1264794185344,0.0,1.0,2.0,0.0,1.0,2.0,0.763762071445084,Theia_439
Theia_711,5639.0,"OCSN_7,Theia_711",o,15.026299871882708,105,15.026299871882708,105.0,282.0939603974353,-7.74377648473422,25.68694307091334,-2.846398902160169,1.4989661337672264,2.8344318406838207,3.952040590448021,3.952040590448042,11.25346600907242,21.291971995659527,29.710249142222057,29.710249142222214,1.065215517700014,0.2810111090668274,0.0274238761837665,-11.38253305150116,0.3371495826417726,0.0329024302294673,2.30547446893268,0.0816080491592836,0.0079641301127732,429.5190947396888,430.0490727879588,430.5803603180816,91.0,False,-7734.957432454457,186.17606730174597,-1.5460076310650912,-9.119126250214045,19.54151109722213,3.35134150472023,34.0,0.1613841950893402,0.5585374236106873,0.7244774699211121,0.9941591024398804,0.9966479539871216,,7.562267303466797,7.792146682739258,8.02399730682373,0.6526473760604858,0.8551232516765594,1.0423463582992554,1.5242396593093872,1.916364073753357,2.3844308853149414,7.90901517868042,8.064774990081787,8.233001708984375,20.0,False,False,2.0,1:m,hunt,none,61.965032631850015,-10.14590975,387.0716877159659,186.17639599052072,-21.355635098903083,0.847449026395101,-22.33791265549993,-12.27402767426697,0.955206939246068,0.4594419871505977,0.0527009633766759,0.8654104143529098,0.3385815523278659,0.1512461983882633,13.0,192.0246856267522,254.061619242504,324.3665097237611,1.0,2.0,4.0,1.0,2.0,4.0,1.0,Theia_711
Theia_850,5667.0,Theia_850,o,16.020263371217133,121,16.020263371217133,121.0,26.424314179156,66.8675687096298,128.23563926923302,4.556196107731406,0.8408090401191325,1.2566076555130845,2.4280444445405607,2.4280444445405096,9.017100596843132,13.477449329044097,26.052840527032934,26.052840527032387,-5.576496625496462,0.2654699350675193,0.0241336304606835,-0.3832816581567019,0.23377929469893,0.0212526631544481,1.6068592156706472,0.0630995016358161,0.0057363183305287,613.6161894658612,614.4138511808886,615.2135894134585,91.0,False,-8500.904045308456,481.08012550704746,70.57784383208883,-21.80032149367636,8.381056374872841,1.5301645440801095,30.0,0.9485944509506226,0.9825075268745422,0.9892104268074036,0.999513566493988,0.9998136162757874,,7.359241485595703,7.5738303661346436,7.762387752532959,1.548130750656128,1.7392237186431885,1.921509861946106,1.6231203079223633,1.989222466945648,2.4312615394592285,8.734020233154297,8.857048511505127,9.013079643249512,80.0,False,False,1.0,m:m,hunt,none,37.48265677373541,-21.0271025,-379.05729257997257,481.0798445962404,48.80709567398165,24.65479284459802,-6.365631093304711,-6.037812838408382,0.9855020327745478,1.2507480374525244,0.1268924063514873,1.2419320294164096,1.577333046723465,0.227995834558005,12.0,275.6134741356009,331.41009348531543,409.18801643765545,2.0,4.0,5.0,2.0,4.0,6.0,1.0,Theia_850
Theia_953,5682.0,"Platais_8,Theia_104,Theia_953",o,11.461148576585405,147,11.4611485765854,147.0,139.6603355502211,-58.60498512176065,278.1136364872938,-6.40164070246626,1.61954711837286,1.3943069775706525,6.661960128623111,6.661960128623077,15.500069171640156,13.343461415529235,64.03091790115204,64.03091790115172,-5.69213172884745,0.3444405988594202,0.0284089817816174,3.1320552326616355,0.5208995273449717,0.0429630689047668,1.7934534383425478,0.0760131888382474,0.0062694621482462,547.5608008955743,548.2100508795764,548.8608423396765,106.0,False,-8045.240366444026,-539.3384788645225,-40.5213817674144,12.225133031026992,12.959502857851456,2.2225364042718243,34.0,0.4846150875091553,0.875840425491333,0.9280022382736206,0.9976072311401368,0.9976072311401368,,7.285336971282959,7.551316976547241,7.812702178955078,0.3128077685832977,0.5309952199459076,0.7523901462554932,0.6181051731109619,1.1220221519470217,1.5527580976486206,8.468221664428711,8.672821521759033,8.801498413085938,80.0,False,False,3.0,m:m,hunt,cr135,35.58909763354433,14.6864485,76.89020298168856,-539.3384971231867,-61.12398949450795,-14.402231622189808,-14.7033966147614,-6.998775561965478,0.1823396896157874,1.279003180505356,0.1449512270784225,0.2890123959524918,1.8305894740399744,0.1733778143014623,19.0,245.98318700581336,290.5170263130848,354.2336519303543,1.0,3.0,4.0,1.0,3.0,5.0,0.5399095612585161,Theia_953
Theia_1315,5715.0,Theia_1315,o,7.116674198169145,86,10.044063893995723,62.0,146.8760950793834,-65.11506967833331,285.09933809117933,-8.825002018246655,0.904159029432822,2.006200369001573,2.006200369001573,5.483414949156632,6.8224350677033705,15.142946173635863,15.142946173635863,41.4990749372961,-12.21889947327652,0.4615212911527944,0.0586132625896967,6.413885901424012,0.6017169956657751,0.0764181348677265,2.302322231645918,0.0846661191833049,0.0107526078888929,431.6810393711393,432.2959505191204,432.9126159952434,55.0,False,-8010.86677712626,-412.4301788836126,-45.806773401256,12.03673825794151,9.24569755334798,2.5642951235406226,13.0,0.6693127751350403,0.9434937834739684,0.9738970398902892,0.9995319247245787,0.9998067021369934,,7.380805969238281,7.622361421585083,7.873815536499023,0.3136418163776397,0.5600963532924652,0.7435767650604248,0.1860657036304474,0.7163596153259277,1.0164388418197632,7.995388031005859,8.150647163391113,8.342825889587402,80.0,False,False,1.0,1:1,hunt,m6,41.91422318395498,12.235148,111.27708969094384,-412.4301727896167,-66.32157053229615,-23.399646543062342,-18.48689891882461,-8.069738217487869,0.3170195378817055,1.174980610558464,0.1889448555864845,0.5682958023192141,1.9471171241763443,0.4128515777799252,11.0,69.29350746881077,97.95255747678873,139.82230298602295,0.0,1.0,3.0,0.0,1.0,3.0,0.8206479842533726,Theia_1315
Theia_1918,5769.0,"CWNU_1101,Theia_1918",o,16.44669176992878,169,16.44975325935335,165.0,129.19502772591588,-48.11716687674255,266.0584465441823,-4.352799357517625,1.8878757644445416,4.486105896385258,4.486105896385258,5.720981028031437,13.358091592159548,31.79596914598898,31.79596914598898,40.60046238203813,-10.635620006115593,0.6140912326743427,0.0478069376255823,1.9998495281319524,0.3820089063720254,0.0297393530270919,2.440176665115558,0.1465451710597832,0.0114085260942011,404.9409542606038,405.2625101793796,405.5845771868937,141.0,False,-8149.829301267151,-403.1376991820015,-9.88785643116173,11.43887083463627,15.76276712479069,2.524062798552255,39.0,0.3741053640842438,0.8375130891799927,0.9116128087043762,0.9975637197494508,0.9992483258247375,,7.159176349639893,7.382121562957764,7.661901473999023,0.0499602556228637,0.2268183380365371,0.3372586369514465,0.1891814619302749,0.6733536124229431,1.0304031372070312,7.829622745513916,8.01516056060791,8.163885116577148,20.0,False,False,2.0,1:m,hunt,cr135,24.10580077452093,11.442674,-27.77692289359203,-403.13777020027067,-30.75846142785545,-16.469146263766465,-10.808789673295143,-14.578995496890476,0.0441142813535577,0.6402484928581771,0.0488494505539449,0.2009854966409689,1.9032584881301453,0.1307449991816996,26.0,176.59602600301625,207.989679994303,271.284451079438,1.0,2.0,3.0,1.0,3.0,3.0,0.5506884865154046,Theia_1918
Theia_3397,5909.0,"Theia_2000,Theia_2267,Theia_3397",m,17.479089533573802,207,17.479089533573802,207.0,113.94026179090154,-25.526586999452707,240.51382316543453,-2.4154242300185853,1.1681373635266608,1.4040497704957358,3.784367897228206,3.78436789722822,21.152340968083056,25.42575111553219,68.61670867327302,68.61670867327328,-4.8872879080606655,0.2098654876823067,0.0145866597316261,4.011291711801847,0.1398784985184498,0.0097222277192526,0.9295104488919744,0.0566680774975036,0.0039387036583776,1035.6769522975758,1037.3539769311606,1039.0364414328658,195.0,False,-8632.23047772566,-902.187329248907,-21.61434257199341,27.682264905066774,26.83321623428604,3.7947898320617215,50.0,0.9783838987350464,0.9968607425689696,0.9984950423240662,0.9999954700469972,0.9999990463256836,,7.552582263946533,7.780539512634277,8.025382041931152,8.362404332729056e-05,0.0892596989870071,0.1423812210559845,0.510924756526947,0.919857531785965,1.2844252586364746,9.922611236572266,10.104808807373049,10.271928787231444,20.0,False,False,3.0,m:m,hunt,none,60.33085951712922,30.646457,-510.1460408892541,-902.1878680076588,-43.718888820604576,-42.335306014634845,-14.85254708805678,-14.130371233694431,1.652116943580495,2.9217513095466074,0.1415843918912287,2.074712907597302,3.287854564379656,0.291532482281528,11.0,665.0936197877835,767.298857717778,930.826921856759,5.0,8.0,12.0,5.0,8.0,12.0,0.9583229036846128,Theia_3397
Trumpler_3,6044.0,"Collinder_36,Harvard_1,MWSC_262,OCL_366,Theia_127,Trumpler_3",o,36.313584206332266,692,27.617704601439385,396.0,48.00525500497919,63.20740439913602,138.01970866028347,4.530864280082318,0.2631998260557463,0.180987585204251,1.323041923686061,5.553658904223107,3.041015901410624,2.091126320202078,15.289062099668657,64.36834564672968,-3.393984924379959,0.1869529037873235,0.0093947368989388,-0.1510710415507492,0.165725497685944,0.0083280196063513,1.490848339211873,0.0761177226632759,0.0038250594844002,661.3621868278035,661.9918926243524,662.6227986930284,318.0,False,-8612.407812378777,441.4064148400957,74.35088013738229,-22.028518834669843,11.699328805949516,1.1699328805949514,100.0,0.9903039932250975,0.9977371692657472,0.9988148808479308,0.9999821186065674,0.999990463256836,,7.331243515014648,7.58230447769165,7.772525787353516,0.5712401270866394,0.7855090498924255,0.9252335429191588,0.3455461859703064,0.8500292003154755,1.1576794385910034,8.887697219848633,9.052252769470217,9.196138381958008,80.0,False,False,2.0,m:m,hunt,none,38.22121404312211,-22.6266585,-490.57031464822194,441.40603532196087,52.29478241339348,21.88761444758192,-6.302176309158567,-7.672206723488334,0.9341787509225128,0.84055664685377,0.0995834298488773,1.018671115099364,1.017492438357051,0.142724361212157,46.0,1512.2932709119104,1618.1495433143723,1787.4317650714631,13.0,15.0,20.0,13.0,16.0,21.0,1.0,Trumpler_3
Trumpler_10,6048.0,Trumpler_10,o,28.462948527681696,1425,25.46737182929548,534.0,131.93673075005995,-42.53380128841848,262.83807212232006,0.5993913494032032,0.5963028572892036,1.3782664003300598,1.3782664003300598,19.38357280725867,4.455974184900739,10.300944437489829,10.300944437489829,150.6328668050211,-12.379834531384128,0.2986169354650265,0.012922418616347,6.570730285921764,0.2465684508800081,0.0106700604066336,2.2953644279923604,0.0712297600572235,0.0030824131791721,427.9617204058539,428.1369665006251,428.3123561772791,484.0,False,-8175.33673541344,-424.7732532264637,25.41478554878568,19.99536082696937,9.78052838304042,0.780571142566788,157.0,0.9445916414260864,0.9867020845413208,0.9930958151817322,0.9999176263809204,0.9999176263809204,,7.280113697052002,7.565294981002808,7.7912445068359375,2.2772194085973754e-07,0.0838848054409027,0.1500013470649719,0.0758660659193992,0.5388960242271423,0.7867432832717896,7.931880950927734,8.121598243713379,8.270759582519531,40.0,False,False,1.0,1:1,hunt,m6,36.753185030332,19.6998305,-53.37461097867259,-424.7732962978407,4.478810053953907,-28.507970689690943,-17.768487242847733,-11.22212415614966,0.0437127586715746,0.3478809915565648,0.0036680575171033,0.0719453861996881,0.2795442514467151,0.0378146346257739,299.0,1848.575301339744,2039.6256367148512,2184.3595561030347,16.0,20.0,25.0,16.0,20.0,26.0,0.7848258225755724,Trumpler_10
UBC_26,6080.0,"Theia_148,UBC_26",o,29.402187074715197,479,29.096527183700804,471.0,285.42634845739343,22.113398791964904,53.86049213090618,7.742689109588426,1.0346563444598245,1.031302639927924,3.796948566898916,3.7969485668989176,10.719056809002431,10.684304856861896,39.38985247180974,39.38985247180975,1.9680223976374331,0.2830097005308985,0.0130403986524995,-5.263788028428499,0.2592231171477158,0.0119443707449199,1.6701371614301042,0.1076325390498754,0.0049594456110802,593.0281784722877,593.5206980606179,594.0140364200759,296.0,False,-7774.929766485347,474.9471414080401,99.87447025254718,-11.731376692913814,20.08919482794858,1.9420957675725317,107.0,0.9319231510162354,0.9804283380508424,0.987519472837448,0.9997272491455078,0.9999054670333862,,7.189402580261231,7.400752305984497,7.608409881591797,0.6405040621757507,0.8713252544403076,1.0245972871780396,0.8344714641571045,1.2527538537979126,1.7188512086868286,8.662622451782227,8.8045015335083,8.968110084533691,20.0,False,False,2.0,1:m,hunt,alphaPer,25.16241413993496,-12.475618,346.8396288409606,474.94758149261713,79.96177665698431,2.817442490780621,-14.6689187607294,-13.05038822106645,0.5761123509559525,0.7889039919370475,0.1328192147200866,0.4311329106372694,0.561624085551551,0.1386831675922888,54.0,817.2535018781996,929.0177170642066,1053.971128151961,4.0,7.0,9.0,7.0,9.0,12.0,0.262324310267837,UBC_26
UBC_159,6155.0,"ASCC_122,MWSC_3637,Theia_18,UBC_159",o,21.575014778761105,232,21.57954607803397,231.0,338.9971158114358,39.63532813699212,96.39618308891984,-16.15685366775387,0.4173615265917223,0.504199788024409,1.3480644581436945,1.4638245076100491,3.547650507259428,4.285826687867162,11.46071050684768,12.44526807667796,-2.0177794992254268,0.2679359583217273,0.017628891791845,-4.675971090506754,0.4577181942520263,0.0301156461722045,2.018350492266934,0.0572114332034097,0.0037642359447261,486.5212325389624,487.016155301246,487.5120860276489,217.0,False,-8174.431678605273,464.8691976910048,-114.58644693604856,-17.651931752527563,26.062575565407524,3.614228945066604,52.0,0.555533230304718,0.8253331780433655,0.8921394348144531,0.989815592765808,0.9914084672927856,,6.498359203338623,6.682375192642212,6.801637649536133,0.2113904356956482,0.4248440861701965,0.5826401710510254,1.219165563583374,1.7197694182395935,2.2693324089050293,8.269699096679688,8.408109188079834,8.58879280090332,40.0,False,False,3.0,m:m,hunt,none,4.812549312943936,-14.318827,-52.11204953547277,464.86895015758,-135.5209540883211,11.8081831050136,-15.41088342970318,-3.0410224302962416,0.1060240107495644,0.9457941303010102,0.2757227017766013,0.48512234987156,4.410552538690867,1.3076833187778822,25.0,232.94821643894144,267.48377719539405,316.1503661522862,0.0,0.0,1.0,1.0,2.0,4.0,1.0,UBC_159
UBC_17a,6925.0,"Theia_13,UBC_17a",o,12.033629720928513,102,12.03362972092851,102.0,84.77577507700227,-1.932441150137268,206.2413546845896,-16.946392472895518,0.5631114320311617,0.6928888685417958,1.7990324312019568,1.7990324312019104,3.506450030356702,4.314635204248725,11.20575377235446,11.20575377235417,1.800632817939297,0.1578754162525103,0.0156319955498842,-1.2985452529437496,0.1564366546744834,0.015489536925743,2.7709072522208102,0.0535168965450945,0.0052989623621862,356.3874361937898,356.76476752477805,357.1428987147108,97.0,False,-8428.340146215492,-150.89469237779076,-82.40507358918796,11.736509957947908,20.376378543874164,3.4442366044628208,35.0,0.6847140789031982,0.9287251234054564,0.9587133526802064,0.9988284111022948,0.9988284111022948,,6.48284387588501,6.6648924350738525,6.756178855895996,0.0911323428153991,0.2363365590572357,0.336279809474945,0.446208119392395,0.98989400267601,1.445224642753601,7.576437473297119,7.713072061538696,7.880381107330322,40.0,False,False,2.0,m:m,hunt,none,4.622665142531637,22.03584,-306.101481349041,-150.89512985874228,-103.988664035292,-18.26307629560996,-12.700134770121473,-4.940086843708706,0.6481811484973719,0.3195259890394197,0.2201998219284462,0.4931925377427089,0.2790365164496244,0.1803174970927804,23.0,79.45997439598528,103.58853772360156,134.62836847991306,0.0,0.0,0.0,0.0,1.0,2.0,0.2481204861507187,UBC_17a
UPK_33,6987.0,UPK_33,o,12.585041005111224,91,13.766851626225428,81.0,280.1174127438791,-4.360405189946508,27.801711624989483,0.4460618327079829,0.4129493489487811,0.2808694987792766,2.0974171202507748,4.084696517374339,3.628248847330384,2.4677480550021804,18.4362090143717,35.949196768745864,-0.0747105419750172,0.3271125667830448,0.0363458407536716,-10.84570179939659,0.3475950886203645,0.0386216765133738,1.9624391698700616,0.0648181732853334,0.0072020192539259,502.5016993705496,503.4025285523768,504.30659334746986,78.0,False,-7676.684783290818,234.78598125006107,23.57970525475525,-3.668845709951899,16.30166646340338,3.327563732698259,24.0,0.3064113259315491,0.7617510557174683,0.8555043935775757,0.9869869351387024,0.9907259941101074,,7.497711658477783,7.756481647491455,7.999358177185059,2.2087833881378174,2.446503520011902,2.7179665565490723,1.6640387773513794,1.9969395399093628,2.549591541290283,8.297351837158203,8.474311828613281,8.605194091796875,80.0,False,False,1.0,1:1,hunt,none,57.07969548031435,-8.930213,445.27979116625806,234.7864012090729,3.9190737620181473,3.653045616663274,-25.35876563340476,-12.367902269796533,1.5965013434306456,0.841800621509833,0.0140514046453219,2.8065452660847376,1.5163025570793716,0.1195793880794516,11.0,155.41324178501054,192.8118402639622,275.932558997427,1.0,2.0,3.0,1.0,2.0,3.0,1.0,UPK_33
UPK_41,6992.0,"OC_0062,Theia_37,UPK_41",o,20.40944515304723,276,20.40944515304723,276.0,279.46200046766,0.460688808752872,31.791801032708666,3.233625742941036,0.6511702042995227,0.8207838161384238,2.0516624166157245,2.051662416615685,5.307842435018671,6.690572745458028,16.730017044323592,16.730017044323265,2.656534532448667,0.2979355723642605,0.0179336140218342,-8.268695368422986,0.3390225570813133,0.0204067598747763,2.0924603491701803,0.1273469455071526,0.0076653853363727,466.4119486123873,467.01134972475126,467.61229343915727,144.0,False,-7725.594267132729,245.6453969233664,46.12882994361398,-3.372053802640536,19.899250905150957,3.107740872622674,41.0,0.3612984120845794,0.7448268532752991,0.8484777808189392,0.9975991249084472,0.9991531372070312,,6.562041282653809,6.809649467468262,7.000918388366699,2.718319892883301,3.02757465839386,3.483489513397217,2.043628692626953,2.409173011779785,2.921714782714844,8.17366886138916,8.300797939300537,8.460808753967285,80.0,False,False,3.0,1:m,hunt,none,6.451333117551371,-5.0356655,396.31274262275264,245.64580427007013,26.34292411779636,2.649274547112835,-14.590855780281602,-13.82530291034502,1.018630383759671,0.6313758124874767,0.0677084030300889,1.5412241951740728,0.9573457054236244,0.2245446085943045,11.0,466.8931756475503,519.0393845156023,626.3946119382576,0.0,1.0,2.0,4.0,6.0,8.0,0.8022406651339432,UPK_41
UPK_113,7021.0,"Theia_151,UPK_113",o,11.891035293415191,97,11.89103529341519,97.0,317.5265880706087,34.278452571319,79.40821853747087,-9.293244845016876,0.4398502614774163,0.2544444101706912,2.623595499382023,2.623595499382019,5.237030101934246,3.0294755616044435,31.25879604223685,31.258796042236806,2.1209651477202662,0.2195141317920363,0.022288283190768,-2.402139077330058,0.2501343535927554,0.025397295668858,1.4257842872561357,0.0613584571844456,0.0062300074200742,680.7931185836657,682.1726703982908,683.5578245832612,77.0,False,-7998.510492908392,661.7485486027073,-89.67773349554253,-9.844753262854278,12.493228705687178,2.6050182632473886,23.0,0.7077888250350952,0.9583451747894288,0.9791469573974608,0.9997759461402892,0.9997759461402892,,7.431109428405762,7.679952383041382,7.914616107940674,0.0120158791542053,0.1340768337249755,0.2070157527923584,0.1288950592279434,0.518049031496048,0.8065980672836304,8.945660591125488,9.138361930847168,9.288660049438477,20.0,False,False,2.0,1:m,hunt,alphaPer,47.85776171914237,-14.449668,123.744622574919,661.7485019004505,-110.1623386400043,-1.9401589130348813,-16.140304178796047,-8.456744650865009,0.5015115898014813,2.6819310312729385,0.4464653771451026,0.45739685248585,1.5487143975068425,0.2946922306915318,14.0,159.69509545637368,198.18843032707167,255.9112071764855,1.0,2.0,4.0,1.0,2.0,4.0,0.554686410066378,UPK_113
UPK_116,7022.0,"Theia_168,UPK_116",o,13.820167307768385,76,13.820167307768385,76.0,312.2786457569157,39.745732826854095,80.83342035598534,-2.5549973469993827,0.8118450908892809,0.9301900229309336,2.7091229046173977,2.709122904617417,6.02621310039717,6.904815612772545,20.123094982986714,20.12309498298686,3.281855456480661,0.25807334816776,0.0296030432811698,-3.07146408423746,0.3173764512613437,0.0364055757396778,2.3398776478887027,0.0655191277565944,0.007515559388419,424.7354030295898,425.2701327938586,425.80621067442615,64.0,False,-8054.341252329569,419.4217582489823,1.6696121898792669,-20.3325248479533,9.894306901470454,2.063105606060983,23.0,0.1849028170108795,0.6928891539573669,0.8586277067661285,0.998688817024231,0.998688817024231,,7.298543930053711,7.646411895751953,7.909308433532715,3.9058722904883325e-05,0.1556740403175354,0.2513976097106933,0.1655790954828262,0.7687213718891144,1.0594888925552368,7.958448886871338,8.121355056762695,8.291747093200684,40.0,False,False,2.0,1:m,hunt,alphaPer,44.30083333670723,-19.106438,67.68046661105564,419.4217933603185,-18.957835853020228,-2.5009021196179244,-19.3152468386448,-8.373390959012317,0.1704158262351427,1.0560818362451982,0.047734825456942,0.3410313825416199,1.150753436008577,0.1463160818856989,13.0,125.39799195630977,152.14044136002346,211.66902133166417,1.0,2.0,3.0,1.0,2.0,3.0,0.4495458010766616,UPK_116
UPK_166,7041.0,UPK_166,o,23.396704398674927,385,19.07956524848798,254.0,339.2025426267268,47.00796724419623,100.3743487475246,-9.882050557517957,0.5410178513077452,0.4826592945010682,2.161683297501722,3.309362084226339,6.140086146671788,5.477733614503046,24.544159287528977,37.59911123712752,-0.9373367144727892,0.1292203730722097,0.0081080073226276,-3.3022755331345,0.1839627744838735,0.0115428510779228,1.5213575248176818,0.0555540260133759,0.0034857696120889,649.5971927812266,650.2383709202877,650.880816046315,194.0,False,-8237.614852133252,630.1188883372461,-90.4976742384199,-10.260137282275652,10.543191590086122,1.1643007369926983,82.0,0.9684529304504396,0.996636152267456,0.9983960390090942,0.9999986886978148,0.9999986886978148,,6.984583854675293,7.212527275085449,7.431160926818848,0.0495133996009826,0.1830525249242782,0.2720476984977722,0.1711625903844833,0.5458522737026215,0.8899146914482117,8.881275177001953,9.033398151397703,9.198201179504396,10.0,False,False,1.0,1:1,hunt,none,16.31275355331655,-10.731751,-115.35682537655111,630.118617118012,-111.5942212544955,9.917513380751052,-9.519015768013835,-5.73791111709903,0.2277237263474916,1.2439052397864998,0.2202960407411467,0.2154175381856412,1.0680147581137829,0.2052545263130747,52.0,695.7853858723387,783.4123006697898,880.9555461524221,2.0,4.0,6.0,6.0,8.0,11.0,1.0,UPK_166
UPK_168,7043.0,"UBC_165,UPK_168",o,22.613667922256955,297,22.86559462248873,262.0,344.0375959194858,43.24640784759294,101.63376253009103,-14.806828819777776,0.6540265154049085,0.3368433155977184,4.403057191883022,4.745182493632128,6.718253814250003,3.459992243486044,45.31610940919735,48.85282034858511,-0.5747739043212046,0.198144354382167,0.0122413990951749,-4.056161611060805,0.1925488981284045,0.0118957106533544,1.670355462279165,0.0759991113522385,0.0046952407795935,587.9295509311736,588.5248706509695,589.1213971983262,229.0,False,-8237.095500298736,557.2931918625604,-129.3090133904104,-11.446400463304036,7.82932614344102,0.8980853014547483,76.0,0.9789474606513976,0.9949980974197388,0.9969438314437866,0.9999338388442992,0.99995219707489,,7.212518215179443,7.450774431228638,7.667392730712891,0.358895480632782,0.5606777667999268,0.7317851781845093,0.3897509276866913,0.8989608585834503,1.2610445022583008,8.644570350646973,8.79691743850708,8.974580764770508,40.0,False,False,2.0,1:m,hunt,none,28.234131378245365,-10.0169165,-114.73806932430983,557.2928642132752,-150.40399701947382,9.1438448544284,-10.517803245642526,-6.802006465978545,0.232360850737237,1.128597028004492,0.3045894087946124,0.1794673885814662,0.8618051337437418,0.2450529700204922,64.0,551.5981538988756,632.9339466187482,785.3197247471429,3.0,5.0,7.0,5.0,7.0,9.0,1.0,UPK_168
UPK_237,7061.0,"Theia_1073,UBC_408,UPK_237",o,18.426340424617667,176,18.98284693134305,173.0,5.202518140415762,65.48298538144088,119.75860703291146,2.80012054573077,0.2414734596821005,0.1882428373293328,1.0813042213299946,1.552119445129911,3.075670370840028,2.397661313676012,13.774228270219409,19.7742129266808,-0.5854290252409631,0.2300134625075522,0.0174875997246989,-3.79937158770463,0.2180856911451309,0.0165807480608016,1.351485168302041,0.0974370252744369,0.0074079998526554,728.677065653177,729.7774599828182,730.8811828075266,143.0,False,-8483.670653755815,632.7813815253287,57.37781311707811,-1.6541639707366689,13.024454242917969,2.3392610380331917,31.0,0.9778997898101808,0.9939156770706176,0.9966700375080108,0.9999183416366576,0.9999924898147584,,7.541012287139893,7.737071752548218,7.94147777557373,1.9530795812606807,2.1582547426223755,2.3462233543396,1.480682134628296,1.8036819100379944,2.220395803451538,9.110313415527344,9.251550674438477,9.385112762451172,80.0,False,False,3.0,1:m,hunt,none,54.584803666095794,-4.795757,-361.7903129230419,632.7810973523451,35.65099448238226,7.26354908829169,-5.3498711780947374,-13.476681898195206,1.0927005542347388,1.9111629888586776,0.1076752473419446,1.937399106319616,3.2732383254833626,0.2307104703587806,8.0,401.0164813350432,472.6792824556849,575.2483691896418,3.0,5.0,7.0,3.0,5.0,7.0,1.0,UPK_237
UPK_292,7067.0,"Theia_932,UPK_292",o,8.773881452585506,38,8.773881452585506,38.0,56.6169366003828,64.6048684468808,140.35309415139815,7.830688574977286,0.4799032789983019,0.3388595610706859,2.352207274332282,2.3522072743322657,3.643757726671327,2.57282606614838,17.869207522137437,17.869207522137312,0.2061449223507319,0.2445056486425506,0.0396640537972934,-8.121104278991139,0.1885848567077225,0.0305925034588679,2.265652384309019,0.035298366498321,0.0057261511769521,434.4152373245464,435.0190262249689,435.62449586036325,34.0,False,-8453.657613888232,274.9777975299128,80.91924672903193,-5.859228761335567,4.250258822998831,0.8862402280685134,23.0,0.8997439742088318,0.9627530574798584,0.9760465621948242,0.9991417527198792,0.999903678894043,,7.498438358306885,7.754684686660767,7.943760871887207,1.6272268295288086,1.8485707640647888,2.045246124267578,1.9365583658218384,2.2791727781295776,2.682247877120972,7.9907917976379395,8.104703426361084,8.267709732055664,20.0,False,False,2.0,1:m,hunt,none,56.84400731470879,-5.3532543,-331.83729316882994,274.9775759110723,59.26969534403386,-4.32703203650062,-10.444637228772985,-13.773592118642632,0.9224356983854703,0.7643780174725521,0.1647568972603039,0.6965795693195409,0.5800777536251612,0.1505945929849966,20.0,78.55972839278238,102.6217311165483,142.40289610877474,0.0,1.0,2.0,0.0,1.0,2.0,1.0,UPK_292
UPK_398,7085.0,"Theia_36,UPK_398",o,13.107797343270336,84,10.598551522698148,40.0,85.95597768276602,7.059232887053484,198.69329903053512,-11.58220079238328,0.2096730920118937,0.2250348266431387,0.7303124018322793,3.681328151598084,1.5979006358970629,1.714972259741396,5.565924714054518,28.093630226923924,-3.256995864707405,0.1582664344060891,0.0250241204938439,-1.7480174151582282,0.1380666803527641,0.0218302589446577,2.2512794241099128,0.0381560147688865,0.0060329956552352,435.61645390310775,436.6442682363003,437.6769441889985,36.0,False,-8527.38478920385,-137.09533082922482,-65.82947121754546,25.230699830652583,9.371415842133832,3.313295845645936,8.0,0.6921815276145935,0.9154995679855348,0.9527400732040404,0.9959547519683838,0.9996265769004822,,6.800137996673584,7.067395687103272,7.39886474609375,0.5216710567474365,0.7994667291641235,1.1386650800704956,0.3151214718818664,1.0281920433044434,1.4367941617965698,7.998150825500488,8.149401664733887,8.321210861206055,10.0,False,False,2.0,1:m,hunt,cr135,11.678731855033396,27.928684,-405.1882382373601,-137.09583650679312,-87.6666424030315,-27.57501988107084,-9.186145827597915,-13.872073641746152,1.9120517308462013,0.6469445722929663,0.413692056001878,2.112894120624955,0.5400766046634426,0.4134490907434807,9.0,112.73088899483102,144.23423509377773,186.93264083715516,0.0,1.0,2.0,0.0,2.0,3.0,0.188261719525034,UPK_398
UPK_422,7088.0,UPK_422,o,16.450916965533757,240,17.270751542877314,231.0,87.96384099346315,-7.39008227650696,212.82626112445712,-16.590513067484828,1.0603995393399748,0.6925630729493955,5.600541740605577,9.103677300731876,5.4001580617,3.526694456171019,28.609064662832697,46.7498893364124,0.1710588733652374,0.4111377614322886,0.0270508786996339,-0.6089267804362342,0.3272112518171689,0.0215289197743014,3.3668153836197603,0.13552053016036,0.0089165962520855,291.56125823166803,291.74940837932536,291.9378015176848,192.0,False,-8357.142157643806,-151.57106192950008,-61.90169266444219,12.199008770589106,19.2739158715762,2.5092501176565225,59.0,0.8859343528747559,0.9709683656692504,0.9850232005119324,0.9998847246170044,0.99998676776886,,6.896583080291748,7.171873569488525,7.393725872039795,0.0845963954925537,0.276400476694107,0.4049364626407623,0.0868592634797096,0.6803639829158783,0.926710307598114,7.151453971862793,7.317609548568726,7.471609115600586,80.0,False,False,1.0,1:1,hunt,none,14.855031241040097,15.111321,-234.9562040574754,-151.57140284680963,-83.30311701034034,-12.13679067639558,-8.90684606985203,-4.954035323126827,0.3032437379642942,0.1956240268357305,0.1075142862800078,1.464139713119835,0.9414186096059964,0.5717805708047314,46.0,187.79517012291572,225.68233272575884,267.6465705516582,0.0,1.0,2.0,1.0,2.0,4.0,0.1852479254595349,UPK_422
UPK_445,7094.0,"Theia_83,UBC_446,UPK_445",o,15.581869594371057,123,15.581869594371051,123.0,92.35372444351177,-15.039355110472684,221.9464806111976,-15.964209134899695,0.4342110311940556,0.3754696315590825,1.7795939027653394,1.7795939027653502,5.013919759361638,4.335600382318505,20.555536156242606,20.55553615624273,-2.5380663877076146,0.2029676587828849,0.0183009774744067,1.4353525022597016,0.1770324368973317,0.0159624772701502,1.476437016516693,0.0740055378443426,0.0066728546271475,660.1999611756344,661.5929138552505,662.9917569311211,103.0,False,-8595.533172764573,-425.1766331432144,-159.9515527607238,24.959164959288856,11.47035344135388,2.6314795525029235,19.0,0.3410121202468872,0.7890528440475464,0.8855380415916443,0.9969699382781982,0.9969699382781982,,6.675658226013184,6.866432189941406,7.053340435028076,0.3528512418270111,0.616775631904602,0.7885191440582275,0.6555250287055969,1.130857527256012,1.7068002223968506,8.933573722839355,9.102031230926514,9.2586030960083,80.0,False,False,3.0,1:m,hunt,none,7.352451864834495,25.606054,-473.0952237889381,-425.1773404945366,-181.9624192561972,-22.46083955388421,-9.32505935084063,-11.57422721822594,1.996371499837494,1.7941671829659072,0.7678466608376198,3.233801616475044,2.8801545517454104,1.1138356511197327,8.0,175.83275582458668,212.94547515392065,309.3491480734537,0.0,0.0,2.0,2.0,2.0,4.0,0.9998545600523236,UPK_445
UPK_456,7098.0,"Theia_458,UPK_456",o,5.979830061253603,13,5.979830061253603,13.0,104.82233994819724,-16.77150847159504,228.78675119628275,-5.876802732961735,0.5727760044034609,1.0096605884102572,1.5466704025078852,1.5466704025079008,4.908054285951152,8.652277419396041,13.256026320006146,13.25602632000628,-7.750151375678444,0.1579364111779614,0.0438036791357618,0.1803218906904632,0.1786168159849598,0.0495393914379914,1.9937692838952423,0.0248754887903995,0.0068992192566165,489.569018177204,490.9448479613928,492.3284324936611,11.0,False,-8443.866900446948,-367.3780505711991,-28.644557418655214,17.165811883114934,9.205082848489342,3.254488251775397,8.0,0.4495093822479248,0.8826786279678345,0.9532299637794496,1.0,1.0,,7.549585819244385,7.842927694320679,8.194049835205078,8.471963365216939e-13,0.0700389444828033,0.1350322961807251,1.154195274466474e-06,0.2382519915699958,0.4122593998908996,8.22128963470459,8.371450901031494,8.549772262573242,10.0,False,False,2.0,m:m,hunt,none,69.65105424311531,20.3422205,-321.7655841551134,-367.37842371567257,-50.26774692923101,-18.353565927347816,-8.670013782043982,-18.313297762651644,1.8085220023138504,2.064894429930348,0.2825358919816523,2.0953756417792166,2.460682884345513,0.4263920530867046,8.0,31.321053598025777,50.4065927359344,91.68639098305472,0.0,0.0,2.0,0.0,0.0,2.0,0.989486221422719,UPK_456
UPK_470,7102.0,"Theia_2398,UPK_470",o,13.949521549396806,185,15.120244880015036,170.0,108.3520665690399,-19.469350949104623,232.7269255795373,-4.109601413738446,0.3469160457908917,0.3061966445737954,1.3983089410314196,2.394474291362703,5.955341527995057,5.256316884395108,24.00857299203902,41.12823713206016,-4.725691604466911,0.2104537032967064,0.0161410622201846,4.269795661936936,0.152569692636392,0.0117015612611317,0.9437628132424428,0.1007791140836164,0.0077294052109188,981.5150019994664,983.5571732065964,985.6078601440422,157.0,False,-8716.277494372,-780.6605810594633,-48.166464976945015,30.4659432889855,21.94074889738217,3.656791482897029,36.0,0.894446611404419,0.983184814453125,0.9911008775234222,0.9999334812164308,0.9999334812164308,,7.257180213928223,7.480396509170532,7.700053691864014,0.0719507038593292,0.2039646357297897,0.3182616233825683,0.2860402166843414,0.7245495617389679,1.0703647136688232,9.81567668914795,9.981764793395996,10.142584800720217,80.0,False,False,2.0,1:m,hunt,none,30.22710183602413,33.962376,-594.1249347434193,-780.6612372527843,-70.48622229364935,-40.742148894815024,-6.854070003368573,-13.22971595946546,2.472321024442863,3.248551065544916,0.2933130039146192,2.605202359540804,3.838063626882368,0.3429522542719141,8.0,474.74981244953193,541.9303077609329,608.349006036742,3.0,4.0,7.0,3.0,6.0,8.0,0.9884116619900348,UPK_470
UPK_526,7108.0,"Theia_107,UPK_526",o,17.823686867156972,173,17.823686867156972,173.0,115.94639657530443,-52.835536642633606,265.6034172728202,-13.98317834691724,1.586062983452458,1.7276658010162989,5.469983786422211,5.469983786422239,15.414985226551956,16.792026859587427,53.31139220718276,53.31139220718302,-7.77433387646754,0.3723942005835782,0.0283126067866181,7.803919690941907,0.5201995287368499,0.0395500377949762,1.749875010870105,0.0816797838036877,0.0062099989678297,556.1171280098257,556.7168466261726,557.3178601161372,121.0,False,-8163.73103750701,-538.6295695844778,-113.61774796192674,14.397737447189952,15.379915002493933,2.3186094259468324,44.0,0.6677432060241699,0.9344011545181274,0.966564118862152,0.9981766939163208,0.9994233846664428,,7.211906433105469,7.46560263633728,7.675961017608643,0.2371209561824798,0.4574901312589645,0.5985136032104492,0.5126959681510925,0.9948134422302246,1.4012627601623535,8.47380542755127,8.674695491790771,8.810303688049316,80.0,False,False,2.0,1:m,hunt,none,29.214781083376923,17.231943,-41.4129894256055,-538.6298057018262,-134.52339586048552,-29.164555216394923,-12.958500037158773,-14.701335629400129,0.0893199232662311,1.1617218071304478,0.2901413194851727,0.2872829265409478,1.2589106618953665,0.3661615099947117,28.0,232.19813255008864,299.81406781463943,379.5142834544984,1.0,3.0,4.0,2.0,3.0,5.0,0.9763526641120904,UPK_526
UPK_535,7110.0,UPK_535,o,10.75701579537582,100,10.942320089949368,92.0,126.56812003627138,-50.08335551224409,266.6470371622576,-6.898241151145983,0.912075273706623,1.8310563600107332,2.360859203346532,2.9265474196792427,5.028098448324135,10.09685225032846,13.021240945624935,16.146183493968277,-13.024725820268744,0.4721343431956135,0.0492234079638276,3.3453504420704925,0.2340796346492883,0.0244044889307952,3.149713476323367,0.0916266426506875,0.0095527378521625,315.60241352212535,315.8341131751608,316.06615328294896,89.0,False,-8140.409111854608,-313.01098891883066,-17.087084085339036,3.910236003059607,22.25732730851949,4.451465461703898,25.0,0.8991165161132812,0.98013436794281,0.9902872443199158,0.9998571872711182,0.9998571872711182,,7.064548492431641,7.342579126358032,7.566908359527588,9.780687832972036e-05,0.1348046958446502,0.2092723548412323,0.0111044524237513,0.4713252335786819,0.678869366645813,7.313416957855225,7.491219997406006,7.634023666381836,40.0,False,False,1.0,1:1,hunt,cr135,22.00792646907741,9.556545,-18.338421648085586,-313.0110616964963,-37.93368677349177,-15.671259105700496,-7.912859309081047,-14.391339198715375,0.0269263354216491,0.4595946695783368,0.0556980962399649,0.064165874415756,0.8891230635964179,0.1323499522578696,15.0,73.23438274889455,96.3698173050298,133.6290013828363,0.0,1.0,1.0,0.0,1.0,2.0,0.5470553395327897,UPK_535
UPK_537,7111.0,"Theia_1128,UPK_537",o,13.336417415849017,125,14.442774174783972,111.0,125.645779973079,-51.5692615650247,267.55133813777945,-8.218724912416937,0.8971380187251004,1.881452623645712,1.881452623645712,3.250012197172236,9.351257006298695,19.616641887906223,19.616641887906223,33.90988878781452,-6.491897524262747,0.3927526436021227,0.0372784312027886,7.716398849968917,0.2844306213591452,0.0269969598499884,1.6371153781606222,0.0546450521440608,0.0051866788170847,596.5256351661494,597.1698453994372,597.8154485501992,102.0,False,-8147.443902634972,-590.4968296215263,-64.50281490707403,18.409422596458256,8.574024714290632,1.4704331074777468,34.0,0.706499457359314,0.9522155523300172,0.9749241173267365,0.9993247985839844,0.9996838569641112,,7.577067852020264,7.78904914855957,8.032915115356445,0.5091517567634583,0.6988749802112579,0.8671729564666748,1.1550898551940918,1.607233703136444,2.013030529022217,8.656505584716797,8.822198390960693,8.954887390136719,80.0,False,False,2.0,1:m,hunt,m6,61.52464954412884,20.2877455,-25.251570027300943,-590.4969785022063,-85.36686034585583,-29.52573555754447,-19.37790932294272,-5.883495498724146,0.05454028404219,1.2754008126510143,0.1843819139172353,0.229390072789528,2.239999217833632,0.3424347372637725,19.0,237.6175199062581,287.5850561322619,351.7066715678996,1.0,3.0,4.0,1.0,3.0,4.0,0.8873266642756005,UPK_537
UPK_540,7112.0,UPK_540,o,15.02109771761867,124,15.072724740369573,123.0,115.5164213807288,-58.66151950659447,270.9323784631066,-16.740526783094577,1.0724823569547786,1.0718000804937389,3.928340691963749,4.150876914976202,6.820651079425808,6.816311002601431,25.019311588983275,26.4414662669807,-4.840948608356364,0.3697138908965492,0.0333359788936166,7.689224555502966,0.3399772804445929,0.0306547190253703,2.7177783855505755,0.0917771294862771,0.0082752650814717,364.0157972437344,364.340611326068,364.6660055942899,91.0,False,-8116.564899320068,-348.85314666115573,-84.15861857376112,7.935132029037392,8.953076351584146,1.9537214325644483,21.0,0.9130573272705078,0.983273983001709,0.9914862215518953,0.9997382164001464,0.9999387264251708,,7.000522136688232,7.302045106887817,7.556947708129883,0.00147345662117,0.2489337474107742,0.3732426464557647,0.0039888741448521,0.4730764925479889,0.7064501047134399,7.638996124267578,7.801460742950439,7.987871170043945,80.0,False,False,1.0,1:1,hunt,cr135,20.046802275477308,8.69892638937378,5.677416672729919,-348.85329552677524,-104.94391931639262,-15.568550210321558,-7.866721617988077,-4.504902940574928,0.0101320127799056,0.6225694276702143,0.1872846741711669,0.0674878801123789,0.8196970901259005,0.2550923574403447,20.0,77.37358924877675,102.67710270441845,145.31222891199616,0.0,1.0,1.0,0.0,1.0,2.0,0.4690276170676696,UPK_540
UPK_569,7120.0,UPK_569,o,18.308274817416365,145,18.308274817416365,145.0,170.3799605919938,-72.11396120030179,296.07383125183014,-10.45001268075506,1.4420009796893305,0.9721044430414568,7.385942900926168,7.385942900926193,6.182650665157395,4.167465820448276,31.837458795713115,31.837458795713225,-25.42415954680563,0.9061628345573732,0.0752527274214422,-1.0491524445949756,2.234459040761568,0.1855617232535719,4.026938755082325,0.132402061094974,0.0109953926972563,245.4858125649642,245.6066243911218,245.7275551869556,106.0,False,-8015.92724109744,-216.9517258056171,-24.01943754642441,3.935974751174731,13.381415499289126,2.142741359199946,39.0,0.9578568935394288,0.9885358810424804,0.9932768940925598,0.999837338924408,0.9999483227729796,,7.146734237670898,7.434250354766846,7.623881816864014,0.3515857756137848,0.6187635362148285,0.7753771543502808,0.1022053584456443,0.7044630348682404,0.9649253487586976,6.7755045890808105,6.960315704345703,7.092328071594238,80.0,False,False,1.0,1:1,hunt,m6,27.180056474243084,1.630902879028321,106.16069546352584,-216.9516924879794,-44.54754550032239,-24.17309678283122,-12.975267271429368,-12.700834668969492,0.1044905239726716,0.2135385033589329,0.0438467019333757,0.8499480729882927,1.733489621617435,0.3527279270614905,26.0,124.1789216547444,158.5637873497704,204.16302118828688,0.0,1.0,2.0,0.0,1.0,3.0,0.5364704883017073,UPK_569
UPK_599,7127.0,"Theia_24,UPK_599",o,15.799158804437818,150,15.799158804437814,150.0,206.08919716946417,-38.76979740335477,314.1048593378021,22.95112534676082,0.6780009270170562,0.9449258078419756,2.024473119196548,2.02447311919654,7.858913537866118,10.953402297028909,23.47495418780689,23.4749541878068,-10.02166597483615,0.3479025129865505,0.0284061212349682,0.2840138244051286,0.2489080270064048,0.0203232553016195,1.4626421922209436,0.0999061658049031,0.0081573042793301,662.3698054636369,664.1016873717291,665.842649639385,116.0,False,-7695.703586916972,-439.1204210359384,278.67280262842684,-8.647850787628888,18.957644366367603,3.648400359374509,27.0,0.4737842082977295,0.8987356424331665,0.9492278695106506,0.998931884765625,0.999380886554718,,6.850080490112305,7.117243528366089,7.328563213348389,0.0542606711387634,0.1891559064388275,0.2934150099754333,0.3185299038887024,0.8156724572181702,1.1990922689437866,8.905611038208008,9.067384243011476,9.250129699707031,80.0,False,False,2.0,1:m,hunt,none,13.099162458005695,-8.484999656677246,425.6087622894662,-439.1196447553343,258.9636465266019,-29.27944577087863,-14.280781623203293,3.961888244264672,2.225672572997098,2.296326194833909,1.3542209102488414,0.6566831834425486,0.8300072814617293,0.4731670208341934,9.0,202.41884615220707,244.35586451884296,321.8600214377304,0.0,1.0,2.0,1.0,2.0,5.0,1.0,UPK_599
UPK_604,7128.0,"Theia_14,UPK_604",o,11.2489691207516,50,11.590929649956207,49.0,224.52007833410505,-59.667391713677226,318.3044409759405,-0.62997010009475,0.1830331401447685,0.1552169572251626,0.7624264296276828,1.0198630461028693,2.349430482751302,1.9923774572242765,9.787121255699866,13.092395542309507,-4.5760115918227084,0.156696905158791,0.0223852721655415,-3.694548558216269,0.1407079420536025,0.020101134579086,1.319707871254436,0.0449921127593497,0.0064274446799071,733.5491931344437,735.4514756525092,737.3636500425308,40.0,False,-7572.875439458493,-489.1730118153905,11.307661804231024,-2.1181933365052594,18.01791251480969,4.815489675377453,14.0,0.0772915184497833,0.3641489148139953,0.5655046701431274,0.9657832384109496,0.9706302881240844,,6.694596290588379,6.894904136657715,7.053377151489258,0.8476641774177551,1.090539634227753,1.350806474685669,0.9704068899154664,1.5156426429748535,1.9972152709960935,9.15725326538086,9.287781238555908,9.477039337158203,40.0,False,False,2.0,1:m,hunt,none,7.850623259260543,-2.8723882,549.1208788661409,-489.1725128976437,-8.086164612139669,-15.754069866447736,-13.1077051753237,-4.144218666100106,2.8480436835176306,2.537118399841916,0.0419393086910986,4.508067543853326,3.800878123195788,0.1823920516043514,5.0,139.43765993111384,170.44880756127276,229.62430381720367,0.0,0.0,1.0,0.0,2.0,3.0,0.9798012560654192,UPK_604
UPK_606,7130.0,UPK_606,o,11.97724755602022,80,12.569276427498554,71.0,215.89081590089413,-46.42378798962573,319.0372115024664,13.547065680601694,0.8946123419203227,0.989736163766722,3.0537013849333507,5.031093684250291,2.598325243827578,2.874656597491927,8.876901239369046,14.648864129819591,-20.060221905574497,0.6895921432429337,0.0818395307235302,-16.890677614641923,0.4672897494306852,0.0554570903686338,5.89775896089347,0.1222359445173267,0.0145067376925164,166.3023313513053,166.39718114712295,166.49213919900322,75.0,False,-7999.717605106223,-106.0499846256256,59.464603360092966,7.447710858529091,23.135101459650198,4.155186885080554,31.0,0.975624144077301,0.9970898628234864,0.998710572719574,0.999998927116394,0.999998927116394,,6.7216315269470215,6.9809324741363525,7.240885257720947,0.0516875982284545,0.3437434732913971,0.5126571655273438,0.0014919519890099,0.5414317548274994,0.7629274129867554,5.977938652038574,6.108021974563599,6.255072116851807,80.0,False,False,1.0,1:1,hunt,alphaPer,9.57045254456472,8.015829,122.15649660447572,-106.04981374307754,38.97754784600597,-5.795406676171043,-21.586557399131465,-4.64775582220094,0.1393428755401515,0.1209701195451202,0.0444613569424419,1.816552854724816,1.534309307408939,0.5916702903485357,13.0,60.33124095104748,77.3820121920565,104.17245961233888,0.0,0.0,1.0,0.0,1.0,2.0,0.3614550020279239,UPK_606
UPK_624,7137.0,"Theia_119,UPK_624",o,11.454370719733316,66,11.454370719733316,66.0,254.3771253618769,-60.51874832058826,329.06331604908365,-10.839924219696847,0.6363513597057042,0.470476532471039,2.988936865286214,2.9889368652862283,3.486286865360748,2.577484203502858,16.389255919697206,16.389255919697284,-1.7152842341206835,0.6655398757007452,0.0819222956062045,-14.384415160170812,0.5000610077550465,0.0615532550251963,3.1092704790338943,0.0956360128964821,0.0117719794187466,313.516759489088,313.8852573003306,314.2546223725707,49.0,False,-7857.69883999859,-158.48626349640386,-38.90790463190137,1.1639719677659246,11.463533061028803,2.6299148499453704,19.0,0.6318659782409668,0.9474747776985168,0.9732438921928406,0.9996592402458192,0.9996592402458192,,7.137536525726318,7.402882099151611,7.590597629547119,0.0366830825805664,0.198167085647583,0.2890874743461609,0.0048208953812718,0.4349782913923263,0.6542307734489441,7.286447525024414,7.467644929885864,7.621084690093994,40.0,False,False,2.0,1:m,hunt,none,25.286114440775364,2.9124606,264.42663113421463,-158.48610423270665,-59.03106184581391,-9.231632699802972,-15.706111530179408,-11.32224426450383,0.6215984726279657,0.3725597527799493,0.1387667260425757,1.526918965750306,0.9170190667162966,0.3650656169077749,14.0,48.18526597319202,70.14098724405883,118.04732590018966,0.0,1.0,1.0,0.0,1.0,2.0,0.8535701474736684,UPK_624
UPK_640,7143.0,"FoF_2442,UPK_640",o,22.7017380667686,764,28.90850310389749,427.0,249.69239022202572,-39.50714300923854,343.3396173003753,4.909248438575882,0.9905590444932768,0.8410198641065232,4.12191587364264,13.995440688838292,3.0061256338299414,2.552236605138486,12.529471379237364,43.33411491123072,-11.882453891490442,0.4989518143054853,0.0241459706637455,-21.390537440648234,0.5630023822068358,0.0272455948943839,5.706009732200251,0.14884793500434,0.0072032564446662,173.81641030734315,173.86257977815671,173.90877378274573,387.0,False,-7955.982918503861,-49.66339782123123,35.25388748387924,1.8314326425174143,30.7510170720208,2.4387142851411814,159.0,0.936412274837494,0.9889931678771972,0.9944580793380736,0.9999248385429382,0.99998539686203,,6.720327377319336,6.983164072036743,7.15994930267334,0.0585456490516662,0.2436517924070358,0.3414808213710785,0.2150447070598602,0.7615731358528137,1.1527233123779297,6.022386074066162,6.209101438522339,6.318771362304688,20.0,False,False,2.0,1:m,hunt,alphaPer,9.619756343507497,0.78814745,165.9529551724722,-49.6632215962001,14.878768004308697,-4.32589339034417,-19.36043015654368,-4.221809268812011,0.0881615337389689,0.0263832950837539,0.0079042582040429,0.4782106297004024,0.1557806178442037,0.0526407016714894,119.0,491.1101437305705,538.8791434465537,602.3762081919732,0.0,1.0,3.0,2.0,5.0,9.0,0.3642852139590469,V1062-Sco / UPK_640
ZHBJZ_1,7156.0,"FoF_2439,ZHBJZ_1",o,23.27090623385732,490,22.77931642451626,452.0,103.9466074831405,-5.791222977802906,218.5819868520667,-1.6739114677841964,1.1463374736591183,1.8138513764492417,3.228443664258801,4.260193972461215,5.675957959576262,8.982878877473164,16.00007083213838,21.129999061069046,-7.318017044415683,0.3812563358454867,0.0179327895666657,-2.4447868659815093,0.3395574356783938,0.0159714382878743,3.4908255237436263,0.1760737503100649,0.008281812564562,283.5098700148766,283.65559796530545,283.8014758050985,357.0,False,-8343.637671902437,-176.8215301032068,13.081172885380072,18.356887950553496,29.99178961044724,3.0452048566461927,97.0,0.9194111824035645,0.9814735054969788,0.9892065525054932,0.9996951818466188,0.9999138116836548,,6.82035493850708,7.130200386047363,7.349176406860352,0.0025513768196105,0.1800041198730468,0.2673602998256683,0.03270073980093,0.617871105670929,0.8566029071807861,7.140137195587158,7.278149127960205,7.43815803527832,80.0,False,False,2.0,1:m,hunt,none,13.495854456750674,20.9702035,-221.6436587762744,-176.82174844853083,-8.285895058827405,-17.938805793480807,-12.294455567272465,-10.979491526512447,0.2278558037589277,0.1817776418114363,0.0085181290045106,0.9138009391627736,0.7173076218747771,0.070737296119764,43.0,342.3760610369035,400.1747507361665,478.50267250386656,0.0,2.0,3.0,3.0,4.0,6.0,0.247044227324495,ZHBJZ_1
vdBergh_83,7161.0,vdBergh_83,o,12.552826273793611,92,12.702750099507092,88.0,99.99174302940273,-27.181961044406773,236.42983239302157,-14.353907974003286,0.1387441881296545,0.0893904267049466,0.7424123153363117,0.8789775973012707,2.1883302583258413,1.409900872679006,11.71026412538464,13.864655877913023,-2.851229480469029,0.1743056981293365,0.0185810498530196,3.29425333418312,0.2203563949133926,0.0234900706245375,1.0432933290011557,0.0960495288063769,0.0102389141735691,900.8755641530583,903.6907750746636,906.5236360628924,73.0,False,-8606.649468975793,-729.4574147580449,-201.99580860578607,39.77336013994002,25.53054187937102,6.8233243293778605,14.0,0.1754319965839386,0.5869055390357971,0.7511380910873413,0.9914555549621582,0.9965951442718506,,6.584696769714356,6.798235893249512,6.943192005157471,0.0691406428813934,0.2210612595081329,0.3198012113571167,0.8494858741760254,1.345328152179718,1.8467665910720823,9.630400657653809,9.778451919555664,9.981219291687012,80.0,False,False,1.0,1:1,hunt,none,6.283995903434949,30.5654965,-484.1035876717476,-729.4581941472707,-224.0345427602429,-32.453434732396296,-13.939544163588137,-14.265088534083077,3.0256498687315343,4.559117398781609,1.4002170241165004,2.783864913596079,3.979086127598092,1.4002362764728062,5.0,132.89959203017338,168.7211525217208,238.86652614033812,0.0,0.0,1.0,0.0,2.0,3.0,0.9882539604798336,vdBergh_83
vdBergh_92,7163.0,vdBergh_92,o,21.99555372071621,345,21.99555372071621,345.0,106.03650219986484,-11.44233763664715,224.5569029624632,-2.41372573753807,0.1309976788075267,0.1305575145145309,0.4807209146610358,0.4807209146610383,2.526777099498693,2.5182868657626614,9.272690905554017,9.272690905554064,-4.38546686944154,0.2081882364198206,0.0112084778709838,1.5826809350851463,0.1396266420998877,0.0075172457151732,0.8752704257260225,0.064208444450747,0.0034568664451589,1102.8773710388396,1105.1601267159217,1107.4523517714808,311.0,False,-8908.878222339827,-774.7106828186583,-23.731010213919284,22.272123318041317,25.37389475960892,4.557286031895161,31.0,0.5580246448516846,0.8058499693870544,0.8761487901210785,0.9687670469284058,0.984015941619873,,6.499582290649414,6.643096685409546,6.746743679046631,0.9276449680328368,1.1085068583488464,1.320541501045227,1.97813880443573,2.381746768951416,2.710960626602173,10.04060173034668,10.191624641418455,10.338546752929688,40.0,False,False,1.0,m:1,hunt,none,4.396394798909292,24.517012,-786.7875802650583,-774.7114830603556,-46.543820619173005,-32.07559633919738,-6.801628926451492,-16.794593977780043,3.2570284915096863,3.207037625298085,0.1926753213483181,1.63664987305554,1.565520329153288,0.7775130906531071,5.0,743.8222530578064,806.5222788013369,894.231607036833,0.0,1.0,2.0,6.0,9.0,12.0,1.0,vdBergh_92
vdBergh_152,7166.0,"OCSN_37,PTB_3,vdBergh_152",o,7.825618026111062,25,7.825618026111062,25.0,333.362827399421,70.17629103756592,110.22493282052912,11.306659688731225,0.2350171417862545,0.3203788052093183,0.7096973179977724,0.7096973179977177,1.5229420973635133,2.0761069370551533,4.599141710125857,4.599141710125504,5.2654536520788895,0.3375317531610641,0.0675063506322128,0.9426499627607788,0.2887602963021217,0.0577520592604243,2.67478771855721,0.0292721890607625,0.0058544378121525,370.6443899546952,371.2821311100003,371.9220706786716,22.0,False,-8247.64986380966,341.6282842652963,93.91603244550538,-34.11092424574278,17.59516723793475,5.305142531980322,11.0,0.864362359046936,0.9672003984451294,0.9830456376075744,0.9999501705169678,0.9999501705169678,,6.4572296142578125,6.601685762405396,6.708791255950928,0.2592102885246277,0.4727529138326645,0.6224825382232666,0.0488591194152832,0.7004068493843079,0.966768205165863,7.602932929992676,7.762948751449585,7.912142276763916,20.0,False,False,3.0,1:m,hunt,none,3.99655470885256,-28.246906,-125.86354533857563,341.6282741092103,72.79362036298255,-1.0426798443896956,-24.33427200738309,-8.109940261764015,0.4331299899880889,1.175633902147979,0.2505022401379619,1.1235918957907034,3.021757687435357,0.6317108141940503,5.0,16.13234897911333,22.822867072574752,39.92971255467896,0.0,0.0,0.0,0.0,0.0,1.0,1.0,vdBergh_152
118TAU,,,,,10,,,,,,,,,,,,,,,,,,,,,,,,,,,,,,,,,,,,,,,,,,,,,,,,,,,,,,,,,,,gagne,alphaPer,10.0,,-102.3,-4.8,-9.9,-12.8,-19.1,-9.2,12.7,2.4,1.8,2.1,2.8,1.6,,,,,,,,,,,0.3575927161905913,118TAU
BPMG,,,,,42,,,,,,,,,,,,,,,,,,,,,,,,,,,,,,,,,,,,,,,,,,,,,,,,,,,,,,,,,,,gagne,alphaPer,24.0,,4.1,-6.7,-15.7,-10.9,-16.0,-9.0,29.3,14.0,9.0,2.2,1.2,1.0,,,,,,,,,,,0.6044897942962806,BPMG
CAR,,,,,7,,,,,,,,,,,,,,,,,,,,,,,,,,,,,,,,,,,,,,,,,,,,,,,,,,,,,,,,,,,gagne,alphaPer,45.0,,6.7,-50.5,-15.5,-10.66,-21.92,-5.48,10.0,18.1,12.6,0.67,1.02,1.01,,,,,,,,,,,0.9271091617846698,CAR
COL,,,,,23,,,,,,,,,,,,,,,,,,,,,,,,,,,,,,,,,,,,,,,,,,,,,,,,,,,,,,,,,,,gagne,alphaPer,42.0,,-25.9,-25.9,-21.4,-11.9,-21.28,-5.66,12.1,23.0,17.8,1.04,1.29,0.75,,,,,,,,,,,0.9025204809700302,COL
CRA,,,,,12,,,,,,,,,,,,,,,,,,,,,,,,,,,,,,,,,,,,,,,,,,,,,,,,,,,,,,,,,,,gagne,alphaPer,4.5,,132.45,-0.21,-42.43,-3.7,-15.7,-8.8,3.71,0.75,2.04,1.3,2.2,2.2,,,,,,,,,,,0.3038294029787738,CRA
EPSC,,,,,25,,,,,,,,,,,,,,,,,,,,,,,,,,,,,,,,,,,,,,,,,,,,,,,,,,,,,,,,,,,gagne,alphaPer,3.7,,49.9,-84.8,-25.6,-9.9,-19.3,-9.7,2.5,3.6,4.0,1.6,2.2,2.0,,,,,,,,,,,0.3053451179871819,EPSC
ETAC,,,,,16,,,,,,,,,,,,,,,,,,,,,,,,,,,,,,,,,,,,,,,,,,,,,,,,,,,,,,,,,,,gagne,alphaPer,11.0,,33.65,-81.36,-34.81,-10.0,-22.3,-11.7,0.65,0.98,0.71,1.6,2.8,1.8,,,,,,,,,,,0.339089021407229,ETAC
LCC,,,,,82,,,,,,,,,,,,,,,,,,,,,,,,,,,,,,,,,,,,,,,,,,,,,,,,,,,,,,,,,,,gagne,alphaPer,15.0,,54.3,-94.2,5.8,-7.8,-21.5,-6.2,11.9,12.4,13.7,2.7,3.8,1.8,,,,,,,,,,,0.3950340252414249,LCC
OCT,,,,,14,,,,,,,,,,,,,,,,,,,,,,,,,,,,,,,,,,,,,,,,,,,,,,,,,,,,,,,,,,,gagne,cr135,35.0,,4.0,-96.9,-59.7,-13.7,-3.3,-10.1,78.3,25.8,8.8,2.4,1.3,1.4,,,,,,,,,,,0.6526086531060135,OCT
ROPH,,,,,186,,,,,,,,,,,,,,,,,,,,,,,,,,,,,,,,,,,,,,,,,,,,,,,,,,,,,,,,,,,gagne,alphaPer,1.0,,124.79,-15.23,37.6,-5.9,-13.5,-7.9,1.33,0.51,0.66,1.3,4.6,4.3,,,,,,,,,,,0.2708501041860072,ROPH
TAU,,,,,122,,,,,,,,,,,,,,,,,,,,,,,,,,,,,,,,,,,,,,,,,,,,,,,,,,,,,,,,,,,gagne,none,1.5,,-116.3,6.7,-35.9,-14.3,-9.3,-8.8,11.4,10.8,10.1,3.1,4.5,3.4,,,,,,,,,,,0.2610642879194646,TAU
THA,,,,,39,,,,,,,,,,,,,,,,,,,,,,,,,,,,,,,,,,,,,,,,,,,,,,,,,,,,,,,,,,,gagne,alphaPer,45.0,,5.4,-20.1,-36.1,-9.79,-20.94,-0.99,19.4,12.4,3.8,0.87,0.79,0.72,,,,,,,,,,,0.9253606283937722,THA
THOR,,,,,35,,,,,,,,,,,,,,,,,,,,,,,,,,,,,,,,,,,,,,,,,,,,,,,,,,,,,,,,,,,gagne,alphaPer,22.0,,-88.4,-25.7,-23.9,-12.8,-18.8,-9.0,4.1,6.9,5.1,2.2,2.2,2.0,,,,,,,,,,,0.5734821936157125,THOR
TWA,,,,,23,,,,,,,,,,,,,,,,,,,,,,,,,,,,,,,,,,,,,,,,,,,,,,,,,,,,,,,,,,,gagne,alphaPer,10.0,,14.4,-47.7,22.7,-11.6,-17.9,-5.6,12.2,9.7,3.9,1.8,1.8,1.6,,,,,,,,,,,0.3587341570814072,TWA
UCL,,,,,103,,,,,,,,,,,,,,,,,,,,,,,,,,,,,,,,,,,,,,,,,,,,,,,,,,,,,,,,,,,gagne,alphaPer,16.0,,107.5,-60.9,26.5,-4.7,-19.7,-5.2,21.0,19.6,13.5,3.8,3.0,1.7,,,,,,,,,,,0.3757214834262579,UCL
UCRA,,,,,10,,,,,,,,,,,,,,,,,,,,,,,,,,,,,,,,,,,,,,,,,,,,,,,,,,,,,,,,,,,gagne,alphaPer,10.0,,142.1,-1.2,-39.2,-3.7,-17.1,-8.0,7.3,2.4,5.9,3.0,1.8,1.2,,,,,,,,,,,0.3398144079153802,UCRA
USCO,,,,,84,,,,,,,,,,,,,,,,,,,,,,,,,,,,,,,,,,,,,,,,,,,,,,,,,,,,,,,,,,,gagne,alphaPer,10.0,,121.2,-17.0,48.9,-4.9,-14.2,-6.5,17.0,8.2,8.9,3.7,3.02,2.3,,,,,,,,,,,0.2971929917453685,USCO
XFOR,,,,,11,,,,,,,,,,,,,,,,,,,,,,,,,,,,,,,,,,,,,,,,,,,,,,,,,,,,,,,,,,,gagne,alphaPer,30.0,,-27.1,-46.3,-84.2,-12.54,-22.24,-6.26,4.7,3.8,4.4,0.96,1.41,2.21,,,,,,,,,,,0.7423376732650349,XFOR
